{
  "anomaly_rate": 0.05,
  "benchmark": "anomaly",
  "diagnostics": {
    "active_tags": 178,
    "total_captures": 511,
    "weight_mean": -1.6040473027036977,
    "weight_std": 1.4195356448630068
  },
  "learning_phase": 300,
  "profile": "quick",
  "results": [
    {
      "f1": 0.03389830508474576,
      "fn": 23,
      "fp": 34,
      "precision": 0.02857142857142857,
      "recall": 0.041666666666666664,
      "sigma": 1.5,
      "threshold": 0.15980679485569532,
      "tn": 442,
      "tp": 1
    },
    {
      "f1": 0.0,
      "fn": 24,
      "fp": 15,
      "precision": 0.0,
      "recall": 0.0,
      "sigma": 2.0,
      "threshold": 0.1705370122986016,
      "tn": 461,
      "tp": 0
    },
    {
      "f1": 0.0,
      "fn": 24,
      "fp": 8,
      "precision": 0.0,
      "recall": 0.0,
      "sigma": 2.5,
      "threshold": 0.18126722974150788,
      "tn": 468,
      "tp": 0
    },
    {
      "f1": 0.0,
      "fn": 24,
      "fp": 5,
      "precision": 0.0,
      "recall": 0.0,
      "sigma": 3.0,
      "threshold": 0.19199744718441417,
      "tn": 471,
      "tp": 0
    }
  ],
  "series_length": 800,
  "system": {
    "clusters": 9,
    "firing_rate": 0.06015037593984962,
    "morphons": 133,
    "prediction_error": 0.1323413290092629,
    "synapses": 1334
  },
  "timestamp": 1775002695,
  "total_anomalies": 36,
  "version": "0.4.0"
}