{
  "anomaly_rate": 0.05,
  "benchmark": "anomaly",
  "diagnostics": {
    "active_tags": 0,
    "total_captures": 65,
    "weight_mean": -0.21220514550448347,
    "weight_std": 0.5711011793416665
  },
  "learning_phase": 300,
  "profile": "quick",
  "results": [
    {
      "f1": 0.06557377049180328,
      "fn": 24,
      "fp": 33,
      "precision": 0.05714285714285714,
      "recall": 0.07692307692307693,
      "sigma": 1.5,
      "threshold": 0.1316377471539984,
      "tn": 441,
      "tp": 2
    },
    {
      "f1": 0.04761904761904762,
      "fn": 25,
      "fp": 15,
      "precision": 0.0625,
      "recall": 0.038461538461538464,
      "sigma": 2.0,
      "threshold": 0.1383009687111394,
      "tn": 459,
      "tp": 1
    },
    {
      "f1": 0.0625,
      "fn": 25,
      "fp": 5,
      "precision": 0.16666666666666666,
      "recall": 0.038461538461538464,
      "sigma": 2.5,
      "threshold": 0.14496419026828042,
      "tn": 469,
      "tp": 1
    },
    {
      "f1": 0.0,
      "fn": 26,
      "fp": 3,
      "precision": 0.0,
      "recall": 0.0,
      "sigma": 3.0,
      "threshold": 0.15162741182542144,
      "tn": 471,
      "tp": 0
    }
  ],
  "series_length": 800,
  "system": {
    "clusters": 0,
    "firing_rate": 0.06493506493506493,
    "morphons": 77,
    "prediction_error": 0.14029253773348854,
    "synapses": 136
  },
  "timestamp": 1775010150,
  "total_anomalies": 39,
  "version": "0.4.0"
}