{
  "anomaly_rate": 0.05,
  "benchmark": "anomaly",
  "diagnostics": {
    "active_tags": 0,
    "total_captures": 144,
    "weight_mean": -0.23017908348540828,
    "weight_std": 0.6495255973038275
  },
  "learning_phase": 300,
  "profile": "quick",
  "results": [
    {
      "f1": 0.14705882352941174,
      "fn": 21,
      "fp": 37,
      "precision": 0.11904761904761904,
      "recall": 0.19230769230769232,
      "sigma": 1.5,
      "threshold": 0.11727915793853325,
      "tn": 437,
      "tp": 5
    },
    {
      "f1": 0.2,
      "fn": 22,
      "fp": 10,
      "precision": 0.2857142857142857,
      "recall": 0.15384615384615385,
      "sigma": 2.0,
      "threshold": 0.12316330322984462,
      "tn": 464,
      "tp": 4
    },
    {
      "f1": 0.0,
      "fn": 26,
      "fp": 5,
      "precision": 0.0,
      "recall": 0.0,
      "sigma": 2.5,
      "threshold": 0.12904744852115596,
      "tn": 469,
      "tp": 0
    },
    {
      "f1": 0.0,
      "fn": 26,
      "fp": 2,
      "precision": 0.0,
      "recall": 0.0,
      "sigma": 3.0,
      "threshold": 0.13493159381246733,
      "tn": 472,
      "tp": 0
    }
  ],
  "series_length": 800,
  "system": {
    "clusters": 0,
    "firing_rate": 0.01282051282051282,
    "morphons": 78,
    "prediction_error": 0.1057994590194792,
    "synapses": 175
  },
  "timestamp": 1775018093,
  "total_anomalies": 39,
  "version": "0.4.0"
}