{
  "anomaly_rate": 0.05,
  "benchmark": "anomaly",
  "diagnostics": {
    "active_tags": 0,
    "total_captures": 124,
    "weight_mean": -0.6716287467563393,
    "weight_std": 1.0883696761445825
  },
  "learning_phase": 300,
  "profile": "quick",
  "results": [
    {
      "f1": 0.06153846153846154,
      "fn": 26,
      "fp": 35,
      "precision": 0.05405405405405406,
      "recall": 0.07142857142857142,
      "sigma": 1.5,
      "threshold": 0.22802805008256832,
      "tn": 437,
      "tp": 2
    },
    {
      "f1": 0.05555555555555556,
      "fn": 27,
      "fp": 7,
      "precision": 0.125,
      "recall": 0.03571428571428571,
      "sigma": 2.0,
      "threshold": 0.2363686611332738,
      "tn": 465,
      "tp": 1
    },
    {
      "f1": 0.06666666666666667,
      "fn": 27,
      "fp": 1,
      "precision": 0.5,
      "recall": 0.03571428571428571,
      "sigma": 2.5,
      "threshold": 0.24470927218397925,
      "tn": 471,
      "tp": 1
    },
    {
      "f1": 0.0,
      "fn": 28,
      "fp": 0,
      "precision": 0.0,
      "recall": 0.0,
      "sigma": 3.0,
      "threshold": 0.25304988323468475,
      "tn": 472,
      "tp": 0
    }
  ],
  "series_length": 800,
  "system": {
    "clusters": 0,
    "firing_rate": 0.013513513513513514,
    "morphons": 74,
    "prediction_error": 0.20265443211900597,
    "synapses": 197
  },
  "timestamp": 1775010533,
  "total_anomalies": 49,
  "version": "0.4.0"
}