{
  "anomaly_rate": 0.05,
  "benchmark": "anomaly",
  "diagnostics": {
    "active_tags": 127,
    "total_captures": 337,
    "weight_mean": -1.3892006259236591,
    "weight_std": 1.3841095974845163
  },
  "learning_phase": 300,
  "profile": "quick",
  "results": [
    {
      "f1": 0.0,
      "fn": 26,
      "fp": 39,
      "precision": 0.0,
      "recall": 0.0,
      "sigma": 1.5,
      "threshold": 1.9347268277630614,
      "tn": 435,
      "tp": 0
    },
    {
      "f1": 0.0,
      "fn": 26,
      "fp": 20,
      "precision": 0.0,
      "recall": 0.0,
      "sigma": 2.0,
      "threshold": 2.1131632389322794,
      "tn": 454,
      "tp": 0
    },
    {
      "f1": 0.0,
      "fn": 26,
      "fp": 14,
      "precision": 0.0,
      "recall": 0.0,
      "sigma": 2.5,
      "threshold": 2.2915996501014977,
      "tn": 460,
      "tp": 0
    },
    {
      "f1": 0.0,
      "fn": 26,
      "fp": 9,
      "precision": 0.0,
      "recall": 0.0,
      "sigma": 3.0,
      "threshold": 2.470036061270716,
      "tn": 465,
      "tp": 0
    }
  ],
  "series_length": 800,
  "system": {
    "clusters": 1,
    "firing_rate": 0.10344827586206896,
    "morphons": 87,
    "prediction_error": 1.8047573619743948,
    "synapses": 1259
  },
  "timestamp": 1775000490,
  "total_anomalies": 42,
  "version": "0.4.0"
}