{
  "anomaly_rate": 0.05,
  "benchmark": "anomaly",
  "diagnostics": {
    "active_tags": 213,
    "total_captures": 1545,
    "weight_mean": 0.9924671372601152,
    "weight_std": 1.932751090245502
  },
  "learning_phase": 300,
  "profile": "quick",
  "results": [
    {
      "f1": 0.03846153846153846,
      "fn": 20,
      "fp": 30,
      "precision": 0.03225806451612903,
      "recall": 0.047619047619047616,
      "sigma": 1.5,
      "threshold": 2.960501023693641,
      "tn": 449,
      "tp": 1
    },
    {
      "f1": 0.058823529411764705,
      "fn": 20,
      "fp": 12,
      "precision": 0.07692307692307693,
      "recall": 0.047619047619047616,
      "sigma": 2.0,
      "threshold": 3.2491596211382925,
      "tn": 467,
      "tp": 1
    },
    {
      "f1": 0.07142857142857142,
      "fn": 20,
      "fp": 6,
      "precision": 0.14285714285714285,
      "recall": 0.047619047619047616,
      "sigma": 2.5,
      "threshold": 3.537818218582944,
      "tn": 473,
      "tp": 1
    },
    {
      "f1": 0.0,
      "fn": 21,
      "fp": 1,
      "precision": 0.0,
      "recall": 0.0,
      "sigma": 3.0,
      "threshold": 3.8264768160275953,
      "tn": 478,
      "tp": 0
    }
  ],
  "series_length": 800,
  "system": {
    "clusters": 3,
    "firing_rate": 0.5818181818181818,
    "morphons": 110,
    "prediction_error": 1.3777792729118494,
    "synapses": 1187
  },
  "timestamp": 1775001149,
  "total_anomalies": 38,
  "version": "0.4.0"
}