{
  "anomaly_rate": 0.05,
  "benchmark": "anomaly",
  "diagnostics": {
    "active_tags": 0,
    "total_captures": 86,
    "weight_mean": -0.3355814512314978,
    "weight_std": 0.4315097630300148
  },
  "learning_phase": 300,
  "profile": "quick",
  "results": [
    {
      "f1": 0.037037037037037035,
      "fn": 26,
      "fp": 26,
      "precision": 0.037037037037037035,
      "recall": 0.037037037037037035,
      "sigma": 1.5,
      "threshold": 0.19488943182303428,
      "tn": 447,
      "tp": 1
    },
    {
      "f1": 0.0,
      "fn": 27,
      "fp": 7,
      "precision": 0.0,
      "recall": 0.0,
      "sigma": 2.0,
      "threshold": 0.20294191968191533,
      "tn": 466,
      "tp": 0
    },
    {
      "f1": 0.0,
      "fn": 27,
      "fp": 2,
      "precision": 0.0,
      "recall": 0.0,
      "sigma": 2.5,
      "threshold": 0.2109944075407964,
      "tn": 471,
      "tp": 0
    },
    {
      "f1": 0.0,
      "fn": 27,
      "fp": 1,
      "precision": 0.0,
      "recall": 0.0,
      "sigma": 3.0,
      "threshold": 0.21904689539967748,
      "tn": 472,
      "tp": 0
    }
  ],
  "series_length": 800,
  "system": {
    "clusters": 0,
    "firing_rate": 0.0,
    "morphons": 70,
    "prediction_error": 0.1815375420161695,
    "synapses": 142
  },
  "timestamp": 1775004904,
  "total_anomalies": 42,
  "version": "0.4.0"
}