{
  "anomaly_rate": 0.05,
  "benchmark": "anomaly",
  "diagnostics": {
    "active_tags": 0,
    "total_captures": 66,
    "weight_mean": -0.2647759034357562,
    "weight_std": 0.31765230958125945
  },
  "learning_phase": 300,
  "profile": "quick",
  "results": [
    {
      "f1": 0.12903225806451613,
      "fn": 33,
      "fp": 21,
      "precision": 0.16,
      "recall": 0.10810810810810811,
      "sigma": 1.5,
      "threshold": 0.17764296965870097,
      "tn": 442,
      "tp": 4
    },
    {
      "f1": 0.0,
      "fn": 37,
      "fp": 7,
      "precision": 0.0,
      "recall": 0.0,
      "sigma": 2.0,
      "threshold": 0.1864365677992183,
      "tn": 456,
      "tp": 0
    },
    {
      "f1": 0.0,
      "fn": 37,
      "fp": 4,
      "precision": 0.0,
      "recall": 0.0,
      "sigma": 2.5,
      "threshold": 0.19523016593973563,
      "tn": 459,
      "tp": 0
    },
    {
      "f1": 0.0,
      "fn": 37,
      "fp": 1,
      "precision": 0.0,
      "recall": 0.0,
      "sigma": 3.0,
      "threshold": 0.20402376408025297,
      "tn": 462,
      "tp": 0
    }
  ],
  "series_length": 800,
  "system": {
    "clusters": 0,
    "firing_rate": 0.014084507042253521,
    "morphons": 71,
    "prediction_error": 0.1614284942085073,
    "synapses": 147
  },
  "timestamp": 1775004958,
  "total_anomalies": 53,
  "version": "0.4.0"
}