{
  "anomaly_rate": 0.05,
  "benchmark": "anomaly",
  "diagnostics": {
    "active_tags": 1,
    "total_captures": 124,
    "weight_mean": -0.10680116699939433,
    "weight_std": 0.03617259171978714
  },
  "learning_phase": 300,
  "profile": "quick",
  "results": [
    {
      "f1": 0.05405405405405405,
      "fn": 27,
      "fp": 43,
      "precision": 0.044444444444444446,
      "recall": 0.06896551724137931,
      "sigma": 1.5,
      "threshold": 0.13310012330753304,
      "tn": 428,
      "tp": 2
    },
    {
      "f1": 0.0,
      "fn": 29,
      "fp": 14,
      "precision": 0.0,
      "recall": 0.0,
      "sigma": 2.0,
      "threshold": 0.13921780757646607,
      "tn": 457,
      "tp": 0
    },
    {
      "f1": 0.0,
      "fn": 29,
      "fp": 1,
      "precision": 0.0,
      "recall": 0.0,
      "sigma": 2.5,
      "threshold": 0.14533549184539912,
      "tn": 470,
      "tp": 0
    },
    {
      "f1": 0.0,
      "fn": 29,
      "fp": 0,
      "precision": 0.0,
      "recall": 0.0,
      "sigma": 3.0,
      "threshold": 0.15145317611433218,
      "tn": 471,
      "tp": 0
    }
  ],
  "series_length": 800,
  "system": {
    "clusters": 0,
    "firing_rate": 0.041666666666666664,
    "morphons": 72,
    "prediction_error": 0.12758096960059265,
    "synapses": 171
  },
  "timestamp": 1775012579,
  "total_anomalies": 41,
  "version": "0.4.0"
}