{
  "anomaly_rate": 0.05,
  "benchmark": "anomaly",
  "diagnostics": {
    "active_tags": 0,
    "total_captures": 94,
    "weight_mean": -0.3177778638584997,
    "weight_std": 0.39875376544321167
  },
  "learning_phase": 300,
  "profile": "quick",
  "results": [
    {
      "f1": 0.052631578947368425,
      "fn": 22,
      "fp": 14,
      "precision": 0.06666666666666667,
      "recall": 0.043478260869565216,
      "sigma": 1.5,
      "threshold": 0.20805069874854715,
      "tn": 463,
      "tp": 1
    },
    {
      "f1": 0.0,
      "fn": 23,
      "fp": 1,
      "precision": 0.0,
      "recall": 0.0,
      "sigma": 2.0,
      "threshold": 0.217728147853646,
      "tn": 476,
      "tp": 0
    },
    {
      "f1": 0.0,
      "fn": 23,
      "fp": 0,
      "precision": 0.0,
      "recall": 0.0,
      "sigma": 2.5,
      "threshold": 0.22740559695874485,
      "tn": 477,
      "tp": 0
    },
    {
      "f1": 0.0,
      "fn": 23,
      "fp": 0,
      "precision": 0.0,
      "recall": 0.0,
      "sigma": 3.0,
      "threshold": 0.23708304606384367,
      "tn": 477,
      "tp": 0
    }
  ],
  "series_length": 800,
  "system": {
    "clusters": 0,
    "firing_rate": 0.04411764705882353,
    "morphons": 68,
    "prediction_error": 0.14565515953248412,
    "synapses": 141
  },
  "timestamp": 1775009997,
  "total_anomalies": 36,
  "version": "0.4.0"
}