{
  "benchmark": "cartpole",
  "diagnostics": {
    "active_tags": 1265,
    "total_captures": 6164,
    "weight_mean": -0.24662777155534601,
    "weight_std": 1.1322997540024313
  },
  "episodes": 1000,
  "max_steps_per_episode": 500,
  "profile": "standard",
  "results": {
    "avg_last_100": 9.5,
    "best_steps": 77,
    "solved": false
  },
  "system": {
    "clusters": 101,
    "firing_rate": 0.04119850187265917,
    "generation": 2,
    "morphons": 267,
    "prediction_error": 0.13436986634863132,
    "synapses": 6374
  },
  "timestamp": 1775012575,
  "version": "0.4.0"
}