{
  "benchmark": "cartpole",
  "diagnostics": {
    "active_tags": 1033,
    "total_captures": 0,
    "weight_mean": 0.28566257308650655,
    "weight_std": 0.30516340511566953
  },
  "episodes": 200,
  "max_steps_per_episode": 300,
  "profile": "quick",
  "results": {
    "avg_last_100": 12.24,
    "best_steps": 52,
    "solved": false
  },
  "system": {
    "clusters": 24,
    "firing_rate": 0.10666666666666667,
    "generation": 3,
    "morphons": 300,
    "prediction_error": 0.14043012656877377,
    "synapses": 1905
  },
  "timestamp": 1775043538,
  "version": "0.4.0"
}