{
  "benchmark": "cartpole",
  "diagnostics": {
    "active_tags": 11,
    "total_captures": 472,
    "weight_mean": -0.1608012236878293,
    "weight_std": 0.5413647434709776
  },
  "episodes": 200,
  "max_steps_per_episode": 300,
  "profile": "quick",
  "results": {
    "avg_last_100": 11.56,
    "best_steps": 54,
    "solved": false
  },
  "system": {
    "clusters": 11,
    "firing_rate": 0.013333333333333334,
    "generation": 3,
    "morphons": 300,
    "prediction_error": 0.05013004656607837,
    "synapses": 2046
  },
  "timestamp": 1775028330,
  "version": "0.4.0"
}