{
  "benchmark": "cartpole",
  "diagnostics": {
    "active_tags": 2,
    "total_captures": 68674,
    "weight_mean": -0.5518333810968581,
    "weight_std": 1.8907964289014008
  },
  "episodes": 1000,
  "max_steps_per_episode": 500,
  "profile": "standard",
  "results": {
    "avg_last_100": 12.09,
    "best_steps": 72,
    "solved": false
  },
  "system": {
    "clusters": 21,
    "firing_rate": 0.12333333333333334,
    "generation": 4,
    "morphons": 300,
    "prediction_error": 0.10864007340101485,
    "synapses": 1854
  },
  "timestamp": 1775041941,
  "version": "0.4.0"
}