{
  "benchmark": "cartpole",
  "diagnostics": {
    "active_tags": 1206,
    "total_captures": 3095,
    "weight_mean": -0.5247394655287835,
    "weight_std": 1.735685827522063
  },
  "episodes": 1000,
  "max_steps_per_episode": 500,
  "profile": "standard",
  "results": {
    "avg_last_100": 13.18,
    "best_steps": 86,
    "solved": false
  },
  "system": {
    "clusters": 73,
    "firing_rate": 0.056666666666666664,
    "generation": 2,
    "morphons": 300,
    "prediction_error": 0.16677293065334348,
    "synapses": 2442
  },
  "timestamp": 1775014518,
  "version": "0.4.0"
}