{
  "benchmark": "cartpole",
  "diagnostics": {
    "active_tags": 1201,
    "total_captures": 4480,
    "weight_mean": -0.9074235389661925,
    "weight_std": 1.9849771986649176
  },
  "episodes": 3000,
  "max_steps_per_episode": 500,
  "profile": "extended",
  "results": {
    "avg_last_100": 13.81,
    "best_steps": 73,
    "solved": false
  },
  "system": {
    "clusters": 99,
    "firing_rate": 0.02666666666666667,
    "generation": 2,
    "morphons": 300,
    "prediction_error": 0.1046142776812573,
    "synapses": 5149
  },
  "timestamp": 1775013769,
  "version": "0.4.0"
}