{
  "benchmark": "cartpole",
  "diagnostics": {
    "active_tags": 657,
    "total_captures": 5967,
    "weight_mean": -1.5184943155873174,
    "weight_std": 1.6145274293121792
  },
  "episodes": 1000,
  "max_steps_per_episode": 500,
  "profile": "standard",
  "results": {
    "avg_last_100": 9.58,
    "best_steps": 32,
    "solved": false
  },
  "system": {
    "clusters": 81,
    "firing_rate": 0.043333333333333335,
    "generation": 4,
    "morphons": 300,
    "prediction_error": 0.17428560551333325,
    "synapses": 5192
  },
  "timestamp": 1775002693,
  "version": "0.4.0"
}