{
  "benchmark": "cartpole",
  "diagnostics": {
    "active_tags": 190,
    "total_captures": 897,
    "weight_mean": 0.012632751718608178,
    "weight_std": 1.1147637144975653
  },
  "episodes": 1000,
  "max_steps_per_episode": 500,
  "profile": "standard",
  "results": {
    "avg_last_100": 10.98,
    "best_steps": 67,
    "solved": false
  },
  "system": {
    "clusters": 29,
    "firing_rate": 0.07333333333333333,
    "generation": 3,
    "morphons": 300,
    "prediction_error": 0.1595083050580576,
    "synapses": 1726
  },
  "timestamp": 1775032643,
  "version": "0.4.0"
}