{
  "benchmark": "cartpole",
  "diagnostics": {
    "active_tags": 2563,
    "total_captures": 10020,
    "weight_mean": 0.09535195305217967,
    "weight_std": 0.8491544058071683
  },
  "episodes": 1000,
  "max_steps_per_episode": 500,
  "profile": "standard",
  "results": {
    "avg_last_100": 10.74,
    "best_steps": 40,
    "solved": false
  },
  "system": {
    "clusters": 110,
    "firing_rate": 0.07333333333333333,
    "generation": 5,
    "morphons": 300,
    "prediction_error": 0.1471531136783499,
    "synapses": 11435
  },
  "timestamp": 1775010192,
  "version": "0.4.0"
}