{
  "benchmark": "cartpole",
  "diagnostics": {
    "active_tags": 729,
    "total_captures": 3338,
    "weight_mean": -0.5315389193211913,
    "weight_std": 1.618765737435535
  },
  "episodes": 1000,
  "max_steps_per_episode": 500,
  "profile": "standard",
  "results": {
    "avg_last_100": 15.46,
    "best_steps": 77,
    "solved": false
  },
  "system": {
    "clusters": 69,
    "firing_rate": 0.09666666666666666,
    "generation": 2,
    "morphons": 300,
    "prediction_error": 0.13568267387007965,
    "synapses": 1387
  },
  "timestamp": 1775018146,
  "version": "0.4.0"
}