{
  "benchmark": "cartpole",
  "diagnostics": {
    "active_tags": 47718,
    "total_captures": 33490,
    "weight_mean": -0.02901035046032128,
    "weight_std": 0.36955880503636274
  },
  "episodes": 200,
  "max_steps_per_episode": 300,
  "profile": "quick",
  "results": {
    "avg_last_100": 10.24,
    "best_steps": 24,
    "solved": false
  },
  "system": {
    "clusters": 62,
    "firing_rate": 0.1038442336495257,
    "generation": 2,
    "morphons": 2003,
    "prediction_error": 0.23968163779332802,
    "synapses": 61002
  },
  "timestamp": 1775000708,
  "version": "0.4.0"
}