{
  "benchmark": "cartpole",
  "diagnostics": {
    "active_tags": 2002,
    "total_captures": 11429,
    "weight_mean": -0.027167448669749676,
    "weight_std": 0.8427821151487951
  },
  "episodes": 1000,
  "max_steps_per_episode": 500,
  "profile": "standard",
  "results": {
    "avg_last_100": 10.72,
    "best_steps": 54,
    "solved": false
  },
  "system": {
    "clusters": 124,
    "firing_rate": 0.056666666666666664,
    "generation": 9,
    "morphons": 300,
    "prediction_error": 0.07873865836112397,
    "synapses": 11324
  },
  "timestamp": 1775005005,
  "version": "0.4.0"
}