{
  "baseline_acc": 31.0,
  "benchmark": "mnist_v2_supervised",
  "damaged_acc": 27.500000000000004,
  "recovery_acc": 22.5,
  "v2_acc": 28.000000000000004,
  "v2_morphons": 1224,
  "v2_synapses": 73947,
  "version": "2.1.0"
}