{
  "benchmark": "cartpole",
  "competition_mode": "LocalInhibition (iSTDP)",
  "diagnostics": {
    "active_tags": 175,
    "total_captures": 22300,
    "weight_mean": -0.008162367651256155,
    "weight_std": 0.6790740975535416
  },
  "episodes": 200,
  "max_steps_per_episode": 300,
  "profile": "quick",
  "results": {
    "avg_last_100": 74.95,
    "best_steps": 286,
    "episode_steps": [
      30,
      34,
      12,
      28,
      24,
      10,
      50,
      81,
      44,
      20,
      46,
      17,
      29,
      63,
      51,
      34,
      61,
      27,
      35,
      59,
      23,
      16,
      34,
      59,
      14,
      42,
      26,
      13,
      47,
      31,
      50,
      16,
      36,
      56,
      39,
      19,
      57,
      20,
      12,
      57,
      33,
      20,
      32,
      11,
      25,
      35,
      91,
      96,
      23,
      74,
      18,
      77,
      73,
      52,
      23,
      39,
      66,
      28,
      26,
      74,
      23,
      22,
      95,
      27,
      31,
      77,
      35,
      48,
      36,
      88,
      65,
      39,
      144,
      41,
      102,
      38,
      113,
      129,
      45,
      60,
      51,
      37,
      29,
      65,
      27,
      105,
      99,
      57,
      68,
      30,
      103,
      26,
      71,
      42,
      20,
      59,
      70,
      38,
      129,
      52,
      43,
      25,
      61,
      48,
      54,
      52,
      227,
      60,
      122,
      78,
      64,
      57,
      90,
      25,
      140,
      88,
      139,
      89,
      286,
      79,
      33,
      60,
      97,
      20,
      23,
      31,
      113,
      35,
      81,
      49,
      79,
      237,
      86,
      104,
      58,
      38,
      97,
      98,
      59,
      65,
      141,
      62,
      32,
      28,
      67,
      161,
      198,
      36,
      68,
      78,
      56,
      24,
      53,
      83,
      57,
      19,
      65,
      64,
      41,
      90,
      51,
      52,
      54,
      74,
      141,
      45,
      37,
      36,
      137,
      70,
      67,
      95,
      56,
      78,
      69,
      49,
      35,
      59,
      77,
      92,
      33,
      69,
      79,
      42,
      29,
      24,
      46,
      121,
      39,
      61,
      231,
      55,
      102,
      61,
      65,
      53,
      100,
      25,
      72,
      101
    ],
    "solved": false
  },
  "system": {
    "avg_effective_delay": 0.5177013382158768,
    "avg_myelination": 0.5241583836360377,
    "clusters": 0,
    "firing_rate": 0.32142857142857145,
    "generation": 2,
    "max_myelination": 0.7586819101957195,
    "morphons": 112,
    "myelinated_synapses": 673,
    "prediction_error": 0.06387948504249964,
    "synapses": 679
  },
  "timestamp": 1776054043,
  "version": "4.9.0"
}