{
  "baseline_acc": 28.000000000000004,
  "benchmark": "mnist_v2_supervised",
  "damaged_acc": 31.5,
  "recovery_acc": 48.5,
  "v2_acc": 27.500000000000004,
  "v2_morphons": 1225,
  "v2_synapses": 73780,
  "version": "2.3.0"
}