{
  "benchmark": "cartpole",
  "competition_mode": "LocalInhibition (iSTDP)",
  "diagnostics": {
    "active_tags": 223,
    "total_captures": 50427,
    "weight_mean": -0.1284428736135521,
    "weight_std": 0.9801321359621462
  },
  "episodes": 200,
  "max_steps_per_episode": 300,
  "profile": "quick",
  "results": {
    "avg_last_100": 73.61,
    "best_steps": 300,
    "episode_steps": [
      13,
      28,
      23,
      56,
      42,
      21,
      31,
      35,
      18,
      35,
      23,
      16,
      41,
      39,
      30,
      61,
      50,
      17,
      17,
      18,
      22,
      30,
      98,
      22,
      26,
      15,
      57,
      68,
      48,
      62,
      26,
      24,
      38,
      48,
      33,
      77,
      48,
      69,
      37,
      25,
      19,
      45,
      44,
      46,
      76,
      46,
      43,
      41,
      30,
      74,
      33,
      43,
      43,
      27,
      74,
      97,
      38,
      46,
      23,
      49,
      76,
      31,
      38,
      20,
      78,
      171,
      21,
      89,
      27,
      12,
      23,
      23,
      27,
      194,
      86,
      24,
      32,
      33,
      26,
      43,
      58,
      23,
      23,
      16,
      27,
      96,
      26,
      66,
      55,
      28,
      78,
      38,
      76,
      12,
      39,
      24,
      99,
      94,
      207,
      200,
      229,
      51,
      127,
      31,
      76,
      44,
      56,
      66,
      24,
      76,
      87,
      93,
      31,
      71,
      43,
      28,
      118,
      50,
      19,
      57,
      68,
      21,
      29,
      51,
      20,
      32,
      41,
      139,
      95,
      38,
      64,
      108,
      84,
      24,
      87,
      20,
      65,
      96,
      81,
      92,
      41,
      88,
      85,
      88,
      60,
      84,
      26,
      156,
      89,
      32,
      99,
      36,
      140,
      52,
      300,
      40,
      60,
      44,
      23,
      128,
      98,
      38,
      198,
      64,
      51,
      47,
      80,
      80,
      136,
      72,
      40,
      97,
      94,
      52,
      68,
      78,
      69,
      25,
      50,
      39,
      21,
      39,
      300,
      32,
      128,
      53,
      77,
      47,
      113,
      46,
      25,
      65,
      64,
      101,
      49,
      114,
      146,
      72,
      52,
      38
    ],
    "solved": false
  },
  "system": {
    "avg_effective_delay": 0.5019616932712926,
    "avg_myelination": 0.4871264378006181,
    "clusters": 0,
    "firing_rate": 0.297029702970297,
    "generation": 2,
    "max_myelination": 0.7608489660493277,
    "morphons": 101,
    "myelinated_synapses": 511,
    "prediction_error": 0.09784313180659077,
    "synapses": 517
  },
  "timestamp": 1776031248,
  "version": "4.8.0"
}