{
  "benchmark": "cartpole",
  "competition_mode": "LocalInhibition (iSTDP)",
  "diagnostics": {
    "active_tags": 247,
    "total_captures": 211558,
    "weight_mean": -0.24254574069488524,
    "weight_std": 0.998060349044719
  },
  "episodes": 1000,
  "max_steps_per_episode": 500,
  "profile": "standard",
  "results": {
    "avg_last_100": 198.43,
    "best_steps": 500,
    "episode_steps": [
      42,
      113,
      36,
      40,
      13,
      11,
      22,
      32,
      24,
      34,
      44,
      29,
      13,
      12,
      12,
      39,
      17,
      18,
      30,
      26,
      40,
      33,
      25,
      55,
      53,
      27,
      17,
      20,
      18,
      50,
      55,
      20,
      19,
      50,
      28,
      92,
      42,
      23,
      54,
      60,
      60,
      33,
      20,
      43,
      28,
      62,
      46,
      44,
      52,
      44,
      95,
      48,
      51,
      35,
      45,
      44,
      30,
      38,
      41,
      34,
      33,
      31,
      41,
      22,
      20,
      22,
      32,
      65,
      76,
      33,
      11,
      19,
      42,
      25,
      90,
      30,
      46,
      81,
      80,
      13,
      20,
      45,
      35,
      11,
      13,
      26,
      32,
      23,
      16,
      51,
      246,
      25,
      19,
      16,
      102,
      37,
      20,
      23,
      19,
      19,
      60,
      23,
      56,
      112,
      81,
      49,
      65,
      35,
      131,
      32,
      51,
      65,
      48,
      36,
      35,
      41,
      30,
      33,
      31,
      36,
      34,
      37,
      23,
      38,
      28,
      75,
      102,
      33,
      62,
      91,
      84,
      152,
      154,
      26,
      33,
      81,
      16,
      21,
      74,
      70,
      15,
      31,
      50,
      192,
      86,
      102,
      112,
      23,
      57,
      43,
      20,
      50,
      225,
      26,
      72,
      82,
      64,
      27,
      46,
      28,
      57,
      34,
      40,
      78,
      20,
      37,
      16,
      29,
      12,
      200,
      100,
      55,
      44,
      56,
      12,
      38,
      75,
      20,
      66,
      109,
      132,
      42,
      69,
      90,
      23,
      26,
      135,
      69,
      76,
      47,
      39,
      20,
      61,
      29,
      16,
      31,
      48,
      72,
      40,
      75,
      21,
      45,
      25,
      87,
      28,
      19,
      50,
      25,
      39,
      94,
      44,
      35,
      12,
      15,
      64,
      26,
      74,
      164,
      106,
      14,
      35,
      31,
      31,
      36,
      22,
      39,
      44,
      26,
      95,
      18,
      59,
      58,
      21,
      90,
      34,
      139,
      26,
      167,
      31,
      16,
      125,
      63,
      13,
      82,
      24,
      51,
      36,
      70,
      15,
      136,
      71,
      28,
      57,
      25,
      79,
      30,
      129,
      12,
      62,
      56,
      37,
      97,
      42,
      35,
      37,
      34,
      132,
      95,
      28,
      34,
      131,
      52,
      22,
      29,
      81,
      60,
      90,
      43,
      80,
      26,
      27,
      29,
      36,
      34,
      43,
      114,
      99,
      45,
      40,
      60,
      57,
      63,
      136,
      40,
      51,
      126,
      122,
      75,
      24,
      12,
      42,
      36,
      56,
      26,
      18,
      116,
      26,
      143,
      118,
      124,
      102,
      97,
      20,
      32,
      82,
      20,
      19,
      43,
      15,
      97,
      136,
      27,
      47,
      32,
      34,
      15,
      36,
      90,
      62,
      73,
      56,
      26,
      133,
      50,
      96,
      92,
      28,
      21,
      70,
      54,
      39,
      181,
      16,
      26,
      26,
      64,
      36,
      150,
      67,
      81,
      44,
      35,
      101,
      39,
      11,
      61,
      52,
      72,
      66,
      23,
      23,
      29,
      80,
      19,
      111,
      66,
      35,
      38,
      107,
      45,
      46,
      114,
      45,
      89,
      28,
      24,
      73,
      113,
      149,
      15,
      42,
      149,
      58,
      110,
      71,
      30,
      58,
      101,
      66,
      49,
      34,
      62,
      44,
      72,
      44,
      81,
      76,
      178,
      30,
      87,
      28,
      24,
      24,
      43,
      64,
      21,
      29,
      26,
      22,
      50,
      105,
      43,
      17,
      85,
      44,
      119,
      131,
      54,
      25,
      20,
      73,
      47,
      37,
      48,
      20,
      14,
      125,
      74,
      48,
      57,
      32,
      168,
      54,
      141,
      97,
      57,
      90,
      120,
      64,
      60,
      31,
      56,
      136,
      118,
      26,
      48,
      19,
      71,
      78,
      31,
      97,
      117,
      44,
      22,
      38,
      73,
      95,
      36,
      66,
      10,
      12,
      60,
      32,
      58,
      48,
      28,
      137,
      134,
      28,
      128,
      22,
      181,
      105,
      208,
      58,
      242,
      140,
      44,
      38,
      54,
      25,
      133,
      53,
      48,
      15,
      29,
      56,
      69,
      164,
      229,
      33,
      215,
      201,
      104,
      55,
      88,
      56,
      32,
      71,
      84,
      46,
      110,
      74,
      34,
      267,
      116,
      47,
      44,
      15,
      113,
      220,
      148,
      253,
      81,
      96,
      106,
      85,
      51,
      84,
      31,
      35,
      115,
      166,
      148,
      75,
      36,
      17,
      53,
      18,
      19,
      101,
      83,
      75,
      63,
      154,
      117,
      130,
      198,
      18,
      134,
      133,
      67,
      164,
      157,
      134,
      109,
      77,
      74,
      106,
      51,
      46,
      113,
      86,
      49,
      64,
      31,
      145,
      40,
      40,
      111,
      240,
      242,
      118,
      21,
      111,
      21,
      49,
      121,
      20,
      29,
      65,
      28,
      132,
      82,
      80,
      76,
      96,
      58,
      87,
      10,
      48,
      173,
      86,
      24,
      46,
      22,
      62,
      188,
      316,
      56,
      186,
      28,
      127,
      78,
      280,
      252,
      62,
      252,
      17,
      54,
      92,
      108,
      22,
      233,
      162,
      213,
      67,
      81,
      86,
      165,
      44,
      114,
      91,
      59,
      88,
      45,
      144,
      46,
      44,
      42,
      79,
      60,
      54,
      115,
      72,
      34,
      29,
      85,
      22,
      18,
      94,
      14,
      86,
      58,
      138,
      33,
      20,
      48,
      77,
      133,
      77,
      104,
      85,
      33,
      95,
      17,
      154,
      35,
      101,
      44,
      163,
      45,
      76,
      48,
      129,
      139,
      21,
      20,
      34,
      23,
      20,
      86,
      148,
      74,
      40,
      47,
      45,
      357,
      251,
      160,
      132,
      29,
      106,
      45,
      40,
      23,
      44,
      51,
      50,
      121,
      23,
      132,
      38,
      103,
      75,
      24,
      72,
      65,
      70,
      65,
      24,
      55,
      25,
      216,
      54,
      24,
      82,
      54,
      39,
      193,
      346,
      134,
      67,
      44,
      102,
      104,
      320,
      391,
      46,
      110,
      129,
      21,
      103,
      94,
      310,
      87,
      241,
      115,
      63,
      97,
      203,
      140,
      48,
      309,
      178,
      89,
      75,
      17,
      314,
      250,
      19,
      120,
      48,
      64,
      241,
      80,
      50,
      52,
      500,
      142,
      94,
      62,
      136,
