{
  "benchmark": "planar_drone",
  "diagnostics": {
    "active_tags": 575,
    "total_captures": 78063,
    "weight_mean": -0.26746196754759016,
    "weight_std": 1.0871644562419749
  },
  "episodes": 200,
  "gusts": false,
  "max_steps_per_episode": 200,
  "physics": {
    "arm_m": 0.15,
    "inertia_kgm2": 0.003,
    "mass_kg": 0.5,
    "max_thrust_per_rotor_n": 4.905,
    "target_height_m": 2.0
  },
  "profile": "quick",
  "results": {
    "avg_altitude_error_last_100_m": 0.2423075723997299,
    "avg_last_100": 60.9,
    "best_steps": 194,
    "episode_altitude_errors": [
      0.05956974794054621,
      0.08673746382316845,
      0.07106739756310462,
      0.15583684477732107,
      0.22900163652754976,
      0.05248220990425249,
      0.033481747891270855,
      0.038852840578546696,
      0.06565950300549414,
      0.24101532108716525,
      0.15093501635527468,
      0.45055541378181496,
      0.21435430282135443,
      0.11573274747888024,
      0.1396478196891105,
      0.17012940228169726,
      0.11691399986244258,
      0.16083876003778902,
      0.14997821754277044,
      0.12624853509455364,
      0.13861458354628414,
      0.10369576276298155,
      0.03365356595841358,
      0.08160710411468375,
      0.3818113682839145,
      0.10683592188407631,
      0.01972758799327269,
      0.07280276547834313,
      0.18950265470587072,
      0.10286088684920834,
      0.07536124926465854,
      0.13592339011991214,
      0.08296318943866916,
      0.06255533871954523,
      0.1427859510441122,
      0.12299517088950783,
      0.20468108650236147,
      0.18010183861917076,
      0.08296599257941883,
      0.1431780075505684,
      0.14249312356179808,
      0.10123269065807312,
      0.35427903041621783,
      0.055476852217563107,
      0.13285205140722275,
      0.531739638678119,
      0.23882198107827246,
      0.2972417271403613,
      0.08229908202918637,
      0.6328523590709372,
      0.3654412813037744,
      0.15355171841007875,
      0.1208840066395815,
      0.7470979842298621,
      0.05536636904013541,
      0.18376571977646303,
      0.14688856348822285,
      0.2466506230146204,
      0.49699470105387206,
      0.1002692660401086,
      0.08516375540654074,
      0.11721669466768558,
      0.15136344320363007,
      0.07340544021668206,
      0.07060439182637358,
      0.1513911970753185,
      0.18051541315903497,
      0.6435113290968947,
      0.24007575592871622,
      0.08893058116276921,
      1.6715385899291604,
      0.09633990306519422,
      0.10705573602508181,
      0.8060485638996012,
      0.1384292092482646,
      0.09141688771383438,
      0.06981002594301104,
      0.05652336790787816,
      0.06909879656872538,
      0.08504772349136024,
      0.3471290724656387,
      0.1600444781808651,
      0.15956734332617412,
      1.6135026661926846,
      0.07895118634853177,
      0.6689088860091856,
      0.06295641157098891,
      0.07910451832643743,
      0.868409177225555,
      0.11771830375701665,
      0.15018509858938794,
      0.15166823228089313,
      0.41057384784153245,
      0.20467628618148975,
      0.025954920683267553,
      0.06731279799231209,
      0.8681398252970111,
      0.4396111575717478,
      0.20317267351846005,
      0.2852747255477527,
      0.750654629453733,
      0.8698407012798199,
      0.4146800526160844,
      0.4659750177880196,
      0.27616921685590584,
      0.06640197747679423,
      0.024042727422454443,
      0.021511225261870395,
      0.19993131562882013,
      0.4474322325350404,
      0.21703482275452177,
      0.7321861165259606,
      0.1209004560746988,
      0.06558907939270367,
      0.48119052150830016,
      0.19082740999200212,
      0.07067383359801864,
      0.14754056341730212,
      0.04401905380990875,
      0.7065364575080944,
      0.03450820299598197,
      0.14430263772703725,
      0.3199754388332875,
      0.29756654699138296,
      0.13785568236589638,
      0.22292675313942806,
      0.008122723750669289,
      0.11426070662667011,
      0.35983882046331067,
      0.05544234057193432,
      0.14271370080553325,
      0.26420554526783646,
      0.6651032387547943,
      0.15086679351094415,
      0.16614518222695984,
      0.10183662748322647,
      0.2331397315860525,
      0.2904706440196128,
      0.153350084265623,
      0.04656479157694105,
      0.10367121390515846,
      0.14466763657850873,
      0.0984259271160192,
      0.24791827291059199,
      0.7505616105025977,
      0.836430809694412,
      0.07837343245324571,
      0.0780476606648425,
      0.23360288283572944,
      0.14778984933145167,
      1.0483609242482845,
      0.16358192819274586,
      0.49199953141831404,
      0.1212360356795776,
      0.1021571863066726,
      0.06370838600383981,
      0.06272570542161873,
      0.20071448435236613,
      0.026878989653397398,
      0.11528525743197182,
      0.08306936966203823,
      0.08310688828232575,
      1.2173738879109453,
      0.10738475203117107,
      0.21161753436237585,
      0.09044742886984385,
      0.12064800163463997,
      0.10828140649606524,
      0.19055959388732843,
      0.037614416106161626,
      0.1689982820417418,
      0.10919965839611616,
      0.8876821356848177,
      0.11273160335377146,
      0.13465158107947559,
      0.20094534637803624,
      0.05414585617079872,
      0.4391898008550936,
      0.8266637697051304,
      0.11718485869040288,
      0.8695659931245795,
      0.14360482984926964,
      0.03845109275560707,
      0.11923373345106579,
      0.04059993772295804,
      0.18316209482093596,
      0.09280436606518999,
      0.17432941089780524,
      0.21055620050681656,
      0.06035862891310283,
      0.2513659478078289,
      0.04853932277514832,
      0.06460165654314025,
      0.0641421574526372,
      0.13277831494049105,
      0.05219743223243527,
      0.038762928013184594,
      0.43496045244863013,
      0.17742326586921983,
      0.39335197362014407
    ],
    "episode_steps": [
      42,
      37,
      59,
      41,
      24,
      36,
      54,
      45,
      33,
      46,
      35,
      57,
      32,
      93,
      75,
      50,
      37,
      56,
      39,
      49,
      33,
      30,
      46,
      51,
      59,
      48,
      62,
      34,
      39,
      72,
      50,
      90,
      62,
      60,
      33,
      78,
      48,
      56,
      77,
      61,
      28,
      22,
      58,
      75,
      61,
      72,
      44,
      40,
      60,
      92,
      175,
      43,
      46,
      95,
      63,
      67,
      37,
      61,
      64,
      82,
      69,
      48,
      46,
      53,
      40,
      30,
      65,
      79,
      60,
      60,
      109,
      47,
      105,
      79,
      27,
      47,
      23,
      48,
      53,
      56,
      34,
      38,
      41,
      194,
      49,
      98,
      77,
      45,
      106,
      48,
      48,
      51,
      58,
      56,
      78,
      71,
      79,
      55,
      50,
      27,
      88,
      70,
      77,
      137,
      20,
      47,
      34,
      60,
      62,
      76,
      140,
      111,
      84,
      84,
      58,
      86,
      28,
      41,
      56,
      97,
      39,
      62,
      43,
      57,
      46,
      32,
      55,
      55,
      34,
      86,
      41,
      58,
      68,
      62,
      39,
      65,
      59,
      56,
      58,
      53,
      67,
      61,
      69,
      65,
      78,
      61,
      34,
      61,
      79,
      94,
      99,
      72,
      58,
      140,
      39,
      43,
      50,
      63,
      32,
      58,
      63,
      41,
      166,
      46,
      28,
      50,
      58,
      38,
      51,
      39,
      55,
      40,
      97,
      49,
      55,
      69,
      50,
      54,
      77,
      56,
      76,
      70,
      59,
      56,
      48,
      59,
      61,
      36,
      55,
      57,
      67,
      41,
      40,
      36,
      62,
      52,
      37,
      59,
      36,
      54
    ],