{
  "benchmark": "planar_drone",
  "diagnostics": {
    "active_tags": 378,
    "total_captures": 71889,
    "weight_mean": -0.18775765164910116,
    "weight_std": 0.9627624452953388
  },
  "episodes": 200,
  "gust_enabled": false,
  "max_steps_per_episode": 200,
  "physics": {
    "arm_m": 0.15,
    "inertia_kgm2": 0.003,
    "mass_kg": 0.5,
    "max_thrust_per_rotor_n": 4.905,
    "waypoints_m": [
      2.0,
      1.3,
      3.3,
      1.8,
      2.8
    ]
  },
  "profile": "quick",
  "results": {
    "avg_altitude_error_last_100_m": 0.22886575682937974,
    "avg_last_100": 60.02,
    "best_steps": 164,
    "episode_altitude_errors": [
      0.10580229202239466,
      0.24317177018775296,
      0.05066595868820355,
      0.11084203313713077,
      0.17174945687737048,
      0.3272575136007332,
      0.2350565764015142,
      0.3363105003968314,
      0.06932758739229537,
      0.06907191642472997,
      0.23994170618982388,
      0.11001239430271022,
      0.2737055382650714,
      0.14733162937512054,
      0.16274614026290743,
      0.0861450009827494,
      0.16759671378573,
      0.7151700003924695,
      0.21361242313300674,
      0.05473542724036339,
      0.15626938990420206,
      0.21929981130452086,
      0.5186302926318209,
      0.27904377690756127,
      0.2106566745452799,
      0.09257016856597494,
      0.3004333403620568,
      0.08331471999936475,
      0.04568573008296635,
      0.2035156742319438,
      0.15544140834595724,
      0.39320868251619756,
      0.09824824446365421,
      0.2969019271852709,
      0.24229069801715042,
      0.05852034261794227,
      0.23329337755700863,
      0.25471689987045903,
      0.10423349868037787,
      0.6347301974197326,
      0.1426048003347089,
      0.1443182132905656,
      0.061470115081683104,
      0.08688738257952362,
      0.38400214636469066,
      0.23457676388101983,
      0.11916788967569564,
      0.6529918619817653,
      0.17335400588417688,
      0.06615467811478917,
      0.2982407820696981,
      0.596954324422373,
      0.1940238802812848,
      0.1611008562530372,
      0.18113987221167624,
      0.5497929170068303,
      0.15519849777163902,
      0.2557603413741748,
      0.3876798703777436,
      0.34822915790554976,
      0.21233457158833507,
      0.14381970819284923,
      0.09255758106645344,
      0.05179590316921039,
      0.9305278083581814,
      0.12212109297934624,
      0.03727886372220594,
      0.24569823022405368,
      0.14614550595343745,
      0.1205219819210971,
      0.20212249865390303,
      0.19450495087036876,
      0.105426638107348,
      0.3162134380567844,
      0.030927987009238232,
      0.10576567147407331,
      0.1641531541154615,
      0.6869694034668168,
      0.09757429497244806,
      0.10535331561158658,
      0.213023419768662,
      0.07968058401275292,
      0.27085908731553,
      0.11297453447178195,
      0.15590988837308042,
      0.4975684488544477,
      0.07726838336952467,
      0.545569665317249,
      0.13742567010941226,
      0.1868110639433829,
      0.15004791077309104,
      0.0818573145102889,
      0.31517400531218676,
      0.48451894791362676,
      0.3025514562958478,
      0.5954136423825978,
      0.0956966160952019,
      1.2379896079412482,
      0.21201374862820946,
      0.05625721928723968,
      0.6886362185558009,
      0.201003596397269,
      0.1866146498012195,
      0.15231798677131042,
      0.15003743117678026,
      0.1405544795363556,
      0.5148609378757735,
      0.19225987841400402,
      0.15260504422660257,
      0.24165971022937002,
      0.10610450541889593,
      0.21385104233105592,
      0.05536454250773636,
      0.03702322447864437,
      0.2873156333312795,
      0.09073309914616218,
      0.47499569623102006,
      0.49011148557590895,
      0.031012659621146244,
      0.11711477112728721,
      0.6249515801719645,
      0.13422018988158343,
      0.15136450026372816,
      1.123069666861753,
      0.13991984539091298,
      0.2024263416833305,
      0.058364662485794104,
      0.3262028594815014,
      0.22298297637703307,
      0.6910255410062823,
      0.24842604694474263,
      0.6211106085250473,
      0.06150492224804527,
      0.27138518292602587,
      0.1150431813163619,
      0.4721017508103502,
      0.20925647379304302,
      0.12733404015470023,
      0.22708970523393068,
      0.1620140130010188,
      0.19529901917784656,
      0.3185366878722112,
      0.07988989569834233,
      0.2339280885759835,
      0.16198478745921818,
      0.1456023903630106,
      0.1746267547892479,
      0.08841479046576152,
      0.3030713370646485,
      0.09479484433986647,
      0.06742316042679768,
      0.14300951766478553,
      0.27772603273269886,
      0.03918183625622118,
      0.30898849607522394,
      0.07322069726882682,
      0.03965100824706007,
      0.2061990380329098,
      0.24575313631388188,
      0.02229835247567212,
      0.14043529333244903,
      0.1580045826460878,
      0.11375586099102282,
      0.15399562997451852,
      1.0033539627806407,
      0.09792951288588167,
      0.1324434397625995,
      0.18014433402355579,
      0.15317054705969163,
      0.021161154336800197,
      0.07564087571410216,
      0.5407405488861314,
      0.5538975995378667,
      0.3040793983915103,
      0.14526218357651907,
      0.022055334362105414,
      0.04902990794429377,
      0.24386617852174372,
      0.16050699545039968,
      0.19625148464007885,
      0.23205302089560018,
      0.0920801788553457,
      0.07664647539629327,
      0.32492120838540356,
      0.15783983418999947,
      0.12198939786093431,
      0.38286435463005064,
      0.17281315460671495,
      0.5011638055394269,
      0.22030061684535976,
      0.15570590469152168,
      0.28079107419962995,
      0.16698014022558622,
      0.2634650904129487,
      0.3620728487680206,
      0.20167284562365567,
      0.17040595007834378,
      0.17585110420553163,
      0.07893725792253158,
      0.36872604217608507
    ],