{
  "benchmark": "planar_drone",
  "diagnostics": {
    "active_tags": 447,
    "total_captures": 80687,
    "weight_mean": -0.25108457779258603,
    "weight_std": 1.074424954775402
  },
  "episodes": 200,
  "gusts": false,
  "max_steps_per_episode": 200,
  "physics": {
    "arm_m": 0.15,
    "inertia_kgm2": 0.003,
    "mass_kg": 0.5,
    "max_thrust_per_rotor_n": 4.905,
    "target_height_m": 2.0
  },
  "profile": "quick",
  "results": {
    "avg_altitude_error_last_100_m": 0.21120979806735185,
    "avg_last_100": 59.5,
    "best_steps": 185,
    "episode_altitude_errors": [
      0.19525445354782892,
      0.15375664578041354,
      0.17780676939248444,
      0.09313925869879107,
      0.32534922208084327,
      0.09848698956333835,
      0.20539862732031972,
      0.18919264999113378,
      0.29218771036669966,
      0.22719180041723577,
      0.368418248746738,
      0.1920370766656308,
      0.18795922071758986,
      0.0888370105954612,
      0.18969769820521556,
      0.0770663061827967,
      0.46918886150311556,
      0.13949337193726857,
      0.11655263376284287,
      0.18470751748364833,
      0.6624828611412659,
      0.06072748466730572,
      0.11024005001195153,
      0.4881387796253462,
      0.12146660768600066,
      0.25154957095469305,
      0.03314140548281078,
      0.06986393793872232,
      0.14293191537004585,
      0.16705753834819437,
      0.24212521990906888,
      0.1683000161095558,
      0.019760233636720553,
      0.04970813174870022,
      1.3226471653088698,
      0.06561506960690561,
      0.15527000542974895,
      0.41669743405536996,
      0.09302651529117176,
      0.04325993037971617,
      0.836055163744562,
      0.08430392800067095,
      0.06707212651400377,
      0.17758891137422983,
      0.45854762804085875,
      0.33918037537940837,
      0.343155348622862,
      0.23986437715970235,
      0.1113163887341514,
      0.21402373108383105,
      0.19799786993606952,
      0.03803239751439329,
      0.06283347562141876,
      0.5267210102772298,
      0.08141186089482465,
      0.222590436339182,
      0.040088242722203335,
      0.27880371597875186,
      0.09330190363175775,
      0.06377377028891892,
      0.8951163205294606,
      0.1769212865355628,
      0.4258242346326508,
      0.0831167526602409,
      0.07276545983611979,
      0.1911812941293151,
      0.30158758207423536,
      0.11489352043156947,
      0.27808814821805605,
      1.0489030827925405,
      0.46063026712095356,
      0.604559717558903,
      0.11905885358424954,
      0.08200136203512698,
      0.03792874781204807,
      0.1303185904205854,
      0.4476649365897004,
      0.19321116800475274,
      0.30505857486277305,
      0.34562604273421726,
      0.06903363656200691,
      0.10527835187455917,
      0.42427256477054887,
      0.9425083608534601,
      0.10171633669017717,
      0.03123460749325621,
      0.39058921343404496,
      0.162653205391918,
      0.19412210521527642,
      0.32496926955250954,
      0.16533835010472595,
      0.18705550530227463,
      0.055278813191757814,
      0.10796694935369629,
      0.24275186739868748,
      0.04612678521605331,
      0.09035984496089264,
      0.08974924969880062,
      0.08908393595021018,
      0.043192931538234974,
      0.5753828259705311,
      0.17079617436346334,
      0.9156917682254838,
      0.6837408084144821,
      0.1811591531274207,
      0.4247528363380294,
      0.11251963989655245,
      0.9113270011412447,
      0.09198077137654263,
      0.1002309192580029,
      0.22188260658454287,
      0.4274496704642235,
      0.06655650531022182,
      0.1635351342285409,
      0.08199195804910421,
      0.1108367813372848,
      0.11229607445240679,
      0.28322530353019304,
      0.025008537940338662,
      0.30115245841872224,
      0.2264966591718136,
      0.08862460962592798,
      0.2229483445143318,
      0.18029186191431293,
      0.36902818566967127,
      0.14317754541833722,
      0.28080330894405164,
      0.12155895853820016,
      0.060867533660056296,
      0.1582474847370712,
      0.20927465586705418,
      0.17613966735061032,
      0.052154799033685695,
      0.14487609672985707,
      0.07709057678201695,
      0.2603442091545122,
      0.06996058044955877,
      0.04612531501072064,
      0.3816740365957867,
      0.22780729607300995,
      0.05434558132017232,
      0.07346133548698365,
      0.06748385199916335,
      0.055173813509888335,
      0.17809028546189884,
      0.2902128126453675,
      0.17836755264478563,
      0.19894853035960788,
      0.576719872925769,
      0.22826041277801437,
      0.127656747270855,
      0.7153640690984305,
      0.21229241514540698,
      0.025493634211869533,
      0.23287630727611375,
      0.02943158917067234,
      0.11548678937186582,
      0.052078207285696475,
      0.5099619422343504,
      0.3423783310232944,
      0.12746562092904704,
      0.23942621130971925,
      0.8492880744851594,
      0.20731573251801722,
      0.0964867550642476,
      0.32349447441587315,
      0.049932120961494686,
      0.1274392264773668,
      0.15507891626737969,
      0.21518429509024345,
      0.0510632285872348,
      0.10326847034855784,
      0.14943271831853278,
      0.11544220111232603,
      0.07137842683373574,
      0.043075020017273404,
      0.12697682328774879,
      0.04666626886352699,
      0.1507952307788817,
      0.09095939455954828,
      0.44964848621482295,
      0.03510311627427946,
      0.05518272555379726,
      0.2872780330957738,
      0.18376816432168977,
      0.0649492007502674,
      0.7630663974280607,
      0.3174920029567792,
      0.047866693742203544,
      0.0801010571188891,
      0.04482347808391016,
      0.28499100783999415,
      0.012601041396241713,
      0.2212054964618943,
      0.09932171893861454,
      0.08588013142989905,
      0.05626063555688953,
      0.15646808485456623,
      0.04090073711879901,
      0.7708096524837647
    ],
    "episode_steps": [
      40,
      56,
      39,
      70,
      74,
      73,
      23,
      29,
      58,
      54,
      61,
      47,
      38,
      29,
      45,
      46,
      128,
      53,
      71,
      37,
      79,
      41,
      27,
      67,
      68,
      56,
      38,
      32,
      24,
      52,
      45,
      54,
      64,
      50,
      86,
      59,
      56,
      59,
      45,
      46,
      90,
      31,
      39,
      54,
      57,
      61,
      56,
      29,
      65,
      103,
      63,
      51,
      45,
      104,
      42,
      51,
      44,
      66,
      43,
      59,
      110,
      62,
      80,
      109,
      62,
      55,
      46,
      83,
      81,
      107,
      93,
      67,
      64,
      67,
      29,
      58,
      80,
      52,
      46,
      55,
      66,
      33,
      68,
      76,
      47,
      48,
      69,
      124,
      78,
      76,
      74,
      24,
      58,
      56,
      57,
      57,
      31,
      91,
      37,
      47,
      74,
      35,
      92,
      185,
      62,
      80,
      76,
      84,
      63,
      59,
      40,
      120,
      28,
      43,
      36,
      85,
      60,
      92,
      60,
      61,
      60,
      56,
      56,
      38,
      61,
      25,
      54,
      41,
      83,
      52,
      64,
      59,
      98,
      45,
      94,
      93,
      64,
      47,
      67,
      52,
      56,
      59,
      72,
      47,
      56,
      69,
      38,
      54,
      57,
      39,
      93,
      82,
      104,
      36,
      38,
      57,
      41,
      61,
      62,
      50,
      39,
      62,
      103,
      52,
      36,
      60,
      92,
      35,
      40,
      39,
      40,
      34,
      31,
      33,
      40,
      40,
      57,
      59,
      37,
      56,
      55,
      82,
      71,
      58,
      54,
      34,
      72,
      55,
      57,
      53,
      36,
      56,
      40,
      57,
      53,
      60,
      77,
      38,
      45,
      97
    ],