{
  "benchmark": "drone3d",
  "diagnostics": {
    "active_tags": 1062,
    "total_captures": 158723,
    "weight_mean": -0.20085051985902466,
    "weight_std": 1.006636703783304
  },
  "episodes": 200,
  "gusts": false,
  "max_steps_per_episode": 200,
  "physics": {
    "I_xx": 0.01,
    "I_yy": 0.01,
    "I_zz": 0.02,
    "arm_m": 0.15,
    "mass_kg": 0.5,
    "max_thrust_per_rotor_n": 2.4525
  },
  "profile": "quick",
  "results": {
    "avg_3d_position_error_m": 0.9250231402313617,
    "avg_last_100": 147.06,
    "best_steps": 200,
    "episode_errors": [
      0.5379017319759101,
      0.5008107644007805,
      0.5725065311032879,
      1.3918860954192063,
      0.29892405922905557,
      0.8092991056395069,
      0.4979433102592144,
      0.9228375143061611,
      0.7643685255761052,
      0.3773642717967324,
      0.7292211934438639,
      0.6513040275683166,
      1.1135361757051347,
      0.7414428897171135,
      0.6199990396216316,
      0.4212705564483245,
      0.9971368678586812,
      0.7695616220213226,
      0.9151676375179232,
      0.6615702406952251,
      0.5458084252747106,
      0.7800747545473762,
      0.39162550083997927,
      1.2369829234634249,
      0.39887795338981835,
      0.7794915606924643,
      0.7223136969140119,
      0.8692308335700034,
      0.8227450965458396,
      1.133340626914411,
      0.7398845494094645,
      0.9042046500191356,
      0.8729127059577538,
      0.5280178644751566,
      0.5186377086879859,
      0.640321720482495,
      0.61746958807079,
      0.4738536944955675,
      0.9158184121472343,
      1.0515709114795269,
      1.2379582653663468,
      1.0645148792061956,
      0.5984575081308556,
      1.4643739650194658,
      0.6101872825357648,
      0.9705539133050447,
      1.17480613348473,
      0.7347635970222974,
      0.5865836824483173,
      1.0513365901974623,
      0.7732173488809415,
      1.0560925733923197,
      0.9420314378018078,
      0.40291587388169353,
      0.48285264472159556,
      0.8234033704564638,
      0.3381777630808171,
      0.9847495399738199,
      0.5825747306153873,
      1.0556873329992411,
      0.674976288947972,
      0.7084026139367079,
      1.2066602420294965,
      0.5288825404285137,
      0.5332891659927171,
      0.926735905681859,
      1.1053800627338006,
      0.851341748997964,
      0.9896300825113206,
      0.8041350724249365,
      0.8446395662389158,
      0.7844933795058363,
      0.7178712325982171,
      0.9659913582599731,
      1.1983282908427908,
      0.8251204829144207,
      1.180630685875349,
      0.5373080981581472,
      0.8769839889162946,
      0.6991646319554499,
      1.3517352018453352,
      1.4628017343518198,
      0.31340344666642916,
      0.8726751818123497,
      0.9454885472347724,
      0.971749314445683,
      1.6667330903525734,
      0.43583866035716273,
      0.6909194464828227,
      0.41635146603165585,
      0.8339194831183175,
      0.9795916704625303,
      0.7180549420924837,
      0.6338323604148316,
      0.49272742508909523,
      0.6463886771178692,
      0.6454708433411968,
      1.188843835010921,
      0.4602946781728695,
      0.6075966530677938,
      1.3791318035151097,
      1.1949480237936287,
      0.7320567386185335,
      0.7994746060555235,
      0.9824152309576701,
      0.6346331640018311,
      0.7459717978373339,
      0.7026504329218347,
      1.1543657945259167,
      0.8732361701022839,
      0.5003409592664628,
      0.6887630005079023,
      1.0965388010956876,
      1.0347406585827623,
      1.6885560655921341,
      0.7696728475311597,
      0.7115978872125566,
      0.8808884772752154,
      0.45962443647056245,
      0.8598190225562141,
      0.8125467358729794,
      0.6341724325983136,
      1.181274581954708,
      1.0058184565800903,
      1.2756484416563851,
      0.7420942701418042,
      0.8626997411139197,
      0.7633089005987082,
      1.2680640244743449,
      0.3788893816417541,
      1.004555439359193,
      0.9193365503277386,
      0.6293556753283217,
      1.3147760361352356,
      0.6923136844921483,
      1.1506441554109363,
      1.4243280093781787,
      0.9116213911156268,
      1.5653676349399743,
      0.854540998852208,
      0.7137319454397781,
      0.31587109277494674,
      1.472758498870976,
      1.2449001012161502,
      0.6134133757700156,
      0.6184749348747621,
      0.47951701904712707,
      0.6115925818523946,
      1.6993875666829539,
      0.7093443654254448,
      0.36223114641687465,
      1.3281633975814646,
      0.47384606647402305,
      0.5276313778269568,
      0.5280652228223072,
      1.3952414179138397,
      0.7544736678020395,
      0.7072879160865919,
      0.8565500037509185,
      1.3878440951305677,
      0.7130900935850494,
      1.050108237452131,
      0.8450925808163687,
      1.037099594335239,
      1.5529780411633272,
      1.4963692896184482,
      0.8025327907353604,
      0.5953669902839938,
      1.3683500355320282,
      0.9036382192834939,
      0.6392967383382919,
      0.8670419561763695,
      0.7474509077052134,
      1.2309978970988518,
      0.5316824390409296,
      0.5867968640799235,
      0.8861459005961155,
      0.5142652962839329,
      1.1537364471407234,
      0.5352072555731773,
      1.0804143141239806,
      0.8472646769703704,
      0.9043358883703067,
      0.9440443084356442,
      0.6813136071826732,
      1.0750970835440168,
      0.8817489708505916,
      0.5624593352424945,
      1.0304671063334632,
      0.9648876723632641,
      1.1696874796517587,
      1.7298010955890082,
      1.6166263914520114,
      0.951352753509428,
      0.8029195224661821,
      1.3232248354997946,
      0.8609028765155567,
      1.1054589225414997,
      1.0234883339367438,
      0.8084630195653548
    ],
    "episode_steps": [
      130,
      74,
      143,
      144,
      98,
      90,
      118,
      93,
      133,
      124,
      106,
      139,
      106,
      152,
      123,
      108,
      136,
      107,
      137,
      111,
      66,
      129,
      107,
      129,
      144,
      110,
      83,
      125,
      129,
      123,
      141,
      89,
      146,
      107,
      121,
      117,
      157,
      70,
      158,
      169,
      137,
      118,
      90,
      156,
      138,
      90,
      179,
      111,
      112,
      163,
      120,
      122,
      139,
      88,
      95,
      149,
      200,
      100,
      110,
      108,
      152,
      153,
      138,
      72,
      114,
      154,
      131,
      157,
      158,
      142,
      102,
      133,
      102,
      138,
      165,
      149,
      162,
      156,
      176,
      153,
      153,
      155,
      99,
      146,
      141,
      160,
      162,
      67,
      141,
      115,
      147,
      200,
      172,
      200,
      127,
      173,
      146,
      162,
      165,
      179,
      119,
      110,
      104,
      69,
      138,
      159,
      115,
      175,
      126,
      128,
      160,
      149,
      140,
      158,
      140,
      89,
      183,
      130,
      200,
      158,
      163,
      154,
      171,
      104,
      186,
      132,
      140,
      147,
      129,
      152,
      144,
      119,
      77,
      149,
      174,
      163,
      147,
      162,
      148,
      146,
      142,
      61,
      137,
      155,
      180,
      137,
      101,
      136,
      200,
      196,
      100,
      150,
      200,
      159,
      165,
      136,
      109,
      191,
      163,
      149,
      170,
      153,
      175,
      164,
      138,
      135,
      99,
      194,
      130,
      170,
      118,
      143,
      165,
      154,
      161,
      118,
      188,
      111,
      166,
      189,
      166,
      139,
      127,
      170,
      151,
      171,
      131,
      116,
      199,
      178,
      112,
      129,
      192,
      144,
      116,
      131,
      131,
      146,
      200,
      192
    ],
    "mastered": false,