{
  "benchmark": "cartpole",
  "competition_mode": "GlobalKWTA",
  "diagnostics": {
    "active_tags": 94,
    "total_captures": 672,
    "weight_mean": 0.01988992446995774,
    "weight_std": 0.8390231551306514
  },
  "episodes": 200,
  "max_steps_per_episode": 300,
  "profile": "quick",
  "results": {
    "avg_last_100": 78.03,
    "best_steps": 300,
    "episode_steps": [
      34,
      30,
      50,
      28,
      22,
      33,
      43,
      48,
      24,
      28,
      46,
      32,
      19,
      21,
      48,
      20,
      18,
      28,
      32,
      53,
      32,
      53,
      21,
      41,
      24,
      21,
      66,
      33,
      31,
      44,
      65,
      34,
      94,
      17,
      65,
      30,
      42,
      23,
      70,
      118,
      16,
      44,
      36,
      52,
      18,
      57,
      14,
      27,
      24,
      36,
      19,
      91,
      14,
      90,
      27,
      103,
      14,
      37,
      43,
      30,
      42,
      69,
      44,
      42,
      41,
      81,
      160,
      18,
      46,
      11,
      36,
      65,
      79,
      25,
      67,
      39,
      28,
      42,
      23,
      57,
      24,
      132,
      51,
      20,
      62,
      80,
      58,
      19,
      46,
      23,
      41,
      75,
      53,
      53,
      81,
      22,
      23,
      101,
      58,
      30,
      86,
      54,
      61,
      52,
      111,
      44,
      28,
      55,
      26,
      28,
      20,
      64,
      22,
      102,
      59,
      28,
      99,
      58,
      92,
      61,
      68,
      12,
      55,
      42,
      55,
      132,
      73,
      78,
      77,
      33,
      61,
      91,
      18,
      33,
      17,
      72,
      35,
      195,
      67,
      84,
      72,
      23,
      63,
      83,
      44,
      52,
      70,
      25,
      70,
      50,
      30,
      59,
      25,
      78,
      45,
      29,
      32,
      57,
      73,
      133,
      66,
      58,
      67,
      207,
      173,
      91,
      147,
      51,
      100,
      76,
      121,
      99,
      77,
      55,
      22,
      39,
      23,
      47,
      160,
      127,
      66,
      60,
      60,
      142,
      48,
      45,
      63,
      292,
      51,
      42,
      53,
      104,
      91,
      201,
      300,
      300,
      185,
      24,
      221,
      88
    ],
    "solved": false
  },
  "system": {
    "avg_effective_delay": 0.5004603365486624,
    "avg_myelination": 0.6076274678655662,
    "clusters": 0,
    "firing_rate": 0.21904761904761905,
    "generation": 2,
    "max_myelination": 0.7570492913654818,
    "morphons": 105,
    "myelinated_synapses": 505,
    "prediction_error": 0.10963423119503694,
    "synapses": 510
  },
  "timestamp": 1775994718,
  "version": "4.6.0"
}