{
  "benchmark": "cartpole",
  "competition_mode": "GlobalKWTA",
  "diagnostics": {
    "active_tags": 146,
    "total_captures": 4288,
    "weight_mean": 0.03421146220912424,
    "weight_std": 0.8043118356763304
  },
  "episodes": 1000,
  "max_steps_per_episode": 500,
  "profile": "standard",
  "results": {
    "avg_last_100": 195.14,
    "best_steps": 500,
    "episode_steps": [
      32,
      19,
      25,
      39,
      14,
      26,
      32,
      36,
      39,
      16,
      64,
      16,
      57,
      32,
      12,
      21,
      22,
      25,
      15,
      31,
      15,
      26,
      33,
      19,
      34,
      32,
      28,
      28,
      62,
      20,
      14,
      11,
      15,
      40,
      21,
      15,
      41,
      30,
      34,
      23,
      54,
      33,
      51,
      19,
      37,
      26,
      21,
      71,
      12,
      20,
      39,
      33,
      14,
      146,
      41,
      55,
      11,
      19,
      19,
      18,
      41,
      27,
      33,
      20,
      27,
      23,
      26,
      96,
      21,
      14,
      13,
      10,
      20,
      128,
      57,
      33,
      22,
      154,
      24,
      21,
      34,
      90,
      128,
      14,
      16,
      95,
      78,
      20,
      13,
      21,
      33,
      18,
      32,
      17,
      26,
      18,
      86,
      41,
      47,
      56,
      41,
      17,
      50,
      30,
      37,
      50,
      25,
      18,
      215,
      68,
      19,
      30,
      15,
      61,
      38,
      45,
      52,
      25,
      59,
      17,
      40,
      21,
      25,
      83,
      75,
      54,
      17,
      38,
      16,
      14,
      57,
      64,
      54,
      29,
      121,
      53,
      70,
      59,
      162,
      132,
      26,
      53,
      25,
      18,
      110,
      82,
      156,
      90,
      20,
      182,
      60,
      89,
      14,
      35,
      76,
      39,
      29,
      72,
      18,
      148,
      66,
      17,
      91,
      77,
      46,
      78,
      34,
      21,
      21,
      108,
      15,
      27,
      110,
      92,
      39,
      70,
      21,
      46,
      159,
      45,
      71,
      11,
      120,
      163,
      34,
      29,
      27,
      137,
      32,
      68,
      37,
      48,
      14,
      51,
      78,
      88,
      85,
      28,
      136,
      29,
      76,
      14,
      29,
      62,
      39,
      28,
      58,
      32,
      75,
      20,
      62,
      64,
      19,
      142,
      54,
      18,
      11,
      68,
      46,
      77,
      44,
      45,
      25,
      124,
      34,
      28,
      23,
      19,
      145,
      53,
      79,
      18,
      93,
      68,
      39,
      43,
      159,
      34,
      16,
      29,
      91,
      99,
      78,
      73,
      89,
      45,
      20,
      21,
      56,
      27,
      16,
      37,
      29,
      17,
      40,
      24,
      45,
      84,
      53,
      153,
      107,
      148,
      205,
      42,
      42,
      30,
      49,
      56,
      131,
      23,
      21,
      17,
      25,
      66,
      69,
      55,
      68,
      34,
      20,
      29,
      54,
      58,
      91,
      36,
      49,
      44,
      69,
      26,
      33,
      17,
      27,
      87,
      55,
      28,
      48,
      95,
      82,
      104,
      81,
      39,
      16,
      56,
      28,
      23,
      62,
      27,
      64,
      31,
      17,
      166,
      58,
      184,
      74,
      30,
      72,
      12,
      30,
      92,
      52,
      18,
      43,
      20,
      60,
      18,
      29,
      25,
      32,
      50,
      31,
      153,
      140,
      20,
      35,
      151,
      128,
      34,
      101,
      196,
      67,
      51,
      52,
      25,
      166,
      216,
      32,
      19,
      16,
      39,
      77,
      32,
      135,
      27,
      87,
      20,
      35,
      55,
      155,
      79,
      108,
      84,
      147,
      52,
      56,
      36,
      39,
      64,
      15,
      18,
      43,
      16,
      50,
      93,
      72,
      50,
      54,
      154,
      108,
      91,
      51,
      55,
      105,
      69,
      24,
      86,
      44,
      107,
      51,
      29,
      61,
      122,
      48,
      59,
      32,
      154,
      157,
      44,
      42,
      105,
      59,
      27,
      168,
      166,
      12,
      67,
      27,
      61,
      181,
      122,
      52,
      50,
      166,
      115,
      80,
      73,
      107,
      25,
      138,
      54,
      195,
      75,
      93,
      85,
      38,
      89,
      16,
      100,
      24,
      47,
      35,
      126,
      104,
      55,
      13,
      133,
      116,
      184,
      10,
      36,
      20,
      17,
      34,
      56,
      207,
      111,
      116,
      101,
      113,
      22,
      75,
      108,
      14,
      43,
      56,
      64,
      74,
      61,
      33,
      73,
      42,
      137,
      17,
      135,
      33,
      178,
      42,
      63,
      86,
      159,
      52,
      33,
      38,
      109,
      24,
      23,
      49,
      38,
      108,
      54,
      57,
      34,
      32,
      89,
      86,
      97,
      166,
      37,
      91,
      82,
      74,
      82,
      112,
      64,
      188,
      29,
      52,
      139,
      31,
      22,
      75,
      56,
      245,
      66,
      21,
      44,
      24,
      22,
      120,
      109,
      86,
      146,
      64,
      95,
      34,
      45,
      93,
      109,
      55,
      135,
      25,
      154,
      79,
      25,
      144,
      113,
      220,
      28,
      107,
      73,
      205,
      90,
      27,
      49,
      14,
      89,
      31,
      61,
      88,
      163,
      62,
      113,
      149,
      222,
      162,
      193,
      41,
      77,
      66,
      14,
      127,
      32,
      79,
      107,
      22,
      61,
      92,
      36,
      23,
      70,
      62,
      83,
      319,
      80,
      66,
      56,
      27,
      162,
      16,
      92,
      44,
      70,
      112,
      74,
      57,
      14,
      46,
      21,
      223,
      387,
      160,
      130,
      355,
      170,
      393,
      104,
      71,
      53,
      25,
      18,
      43,
      34,
      72,
      28,
      82,
      22,
      39,
      56,
      49,
      28,
      110,
      126,
      65,
      18,
      70,
      193,
      28,
      178,
      61,
      77,
      11,
      32,
      73,
      79,
      92,
      40,
      134,
      76,
      77,
      62,
      64,
      201,
      111,
      29,
      71,
      41,
      31,
      67,
      29,
      68,
      23,
      122,
      210,
      162,
      83,
      91,
      105,
      49,
      51,
      112,
      26,
      58,
      131,
      40,
      33,
      35,
      206,
      94,
      172,
      22,
      62,
      30,
      71,
      423,
      283,
      47,
      31,
      137,
      171,
      74,
      128,
      224,
      56,
      53,
      52,
      21,
      122,
      231,
      130,
      85,
      126,
      230,
      145,
      47,
      26,
      55,
      51,
      33,
      122,
      28,
      93,
      47,
      49,
      89,
      71,
      396,
      183,
      31,
      179,
      59,
      70,
      37,
      21,
      278,
      65,
      179,
      21,
      23,
      109,
      65,
      55,
      88,
      164,
      79,
      106,
      80,
      39,
      25,
      62,
      172,
      39,
      94,
      49,
      38,
      124,
      56,
      24,
      248,
      192,
      337,
      85,
      71,
      165,
      306,
      56,
      24,
      181,
      66,
      350,
      66,
      500,
      321,
      133,
      73,
      47,
      24,
      51,
      36,
      81,
      33,
      83,
      282,
      404,
      126,
      145,
      67,
      107,
