{
  "benchmark": "cartpole",
  "diagnostics": {
    "active_tags": 52,
    "total_captures": 553,
    "weight_mean": -0.1331102840450442,
    "weight_std": 1.0965114185317797
  },
  "episodes": 200,
  "max_steps_per_episode": 300,
  "profile": "quick",
  "results": {
    "avg_last_100": 166.33,
    "best_steps": 300,
    "episode_steps": [
      12,
      44,
      31,
      35,
      39,
      18,
      16,
      58,
      18,
      34,
      29,
      22,
      24,
      13,
      54,
      28,
      24,
      37,
      67,
      31,
      26,
      37,
      30,
      60,
      43,
      69,
      106,
      31,
      69,
      86,
      30,
      53,
      25,
      72,
      58,
      68,
      49,
      55,
      114,
      23,
      27,
      46,
      78,
      78,
      99,
      32,
      35,
      78,
      22,
      61,
      61,
      55,
      29,
      73,
      55,
      44,
      40,
      45,
      59,
      108,
      48,
      80,
      101,
      57,
      21,
      33,
      54,
      27,
      78,
      63,
      29,
      25,
      60,
      63,
      88,
      85,
      74,
      50,
      89,
      51,
      45,
      83,
      134,
      59,
      42,
      167,
      129,
      106,
      71,
      82,
      160,
      126,
      97,
      65,
      66,
      54,
      54,
      129,
      65,
      29,
      61,
      77,
      96,
      101,
      56,
      187,
      68,
      161,
      99,
      119,
      79,
      126,
      86,
      86,
      107,
      88,
      169,
      76,
      164,
      86,
      60,
      178,
      101,
      38,
      104,
      56,
      138,
      168,
      140,
      58,
      122,
      180,
      170,
      76,
      112,
      299,
      131,
      206,
      102,
      289,
      300,
      300,
      194,
      167,
      154,
      85,
      51,
      42,
      93,
      86,
      74,
      300,
      173,
      92,
      48,
      202,
      300,
      172,
      60,
      166,
      52,
      83,
      117,
      262,
      268,
      107,
      187,
      300,
      242,
      256,
      172,
      90,
      116,
      239,
      300,
      300,
      175,
      300,
      247,
      251,
      227,
      226,
      209,
      300,
      300,
      205,
      300,
      300,
      261,
      101,
      220,
      300,
      300,
      170,
      300,
      232,
      161,
      300,
      194,
      84
    ],
    "solved": false
  },
  "system": {
    "avg_effective_delay": 0.5089170819301637,
    "avg_myelination": 0.7742642406801786,
    "clusters": 0,
    "firing_rate": 0.11607142857142858,
    "generation": 2,
    "max_myelination": 0.9799134013744497,
    "morphons": 112,
    "myelinated_synapses": 608,
    "prediction_error": 0.6683863971526206,
    "synapses": 614
  },
  "timestamp": 1775593870,
  "version": "3.0.0"
}