{
  "benchmark": "cartpole",
  "competition_mode": "GlobalKWTA",
  "diagnostics": {
    "active_tags": 0,
    "total_captures": 435,
    "weight_mean": 0.24655501446602732,
    "weight_std": 0.24604976524320826
  },
  "episodes": 1000,
  "max_steps_per_episode": 500,
  "profile": "standard",
  "results": {
    "avg_last_100": 185.49,
    "best_steps": 500,
    "episode_steps": [
      38,
      21,
      28,
      12,
      36,
      38,
      28,
      30,
      21,
      43,
      57,
      36,
      23,
      51,
      41,
      23,
      58,
      16,
      48,
      116,
      37,
      36,
      62,
      23,
      36,
      41,
      61,
      68,
      69,
      18,
      110,
      27,
      58,
      24,
      110,
      17,
      71,
      12,
      78,
      43,
      59,
      30,
      16,
      22,
      31,
      27,
      56,
      13,
      22,
      38,
      30,
      112,
      48,
      31,
      42,
      17,
      44,
      51,
      28,
      52,
      58,
      36,
      20,
      36,
      59,
      53,
      58,
      80,
      76,
      32,
      38,
      56,
      46,
      73,
      14,
      25,
      29,
      40,
      40,
      47,
      64,
      47,
      87,
      80,
      101,
      52,
      45,
      16,
      44,
      46,
      55,
      16,
      55,
      42,
      40,
      20,
      28,
      66,
      40,
      45,
      72,
      19,
      31,
      88,
      47,
      54,
      32,
      49,
      91,
      26,
      31,
      41,
      56,
      26,
      38,
      41,
      57,
      100,
      67,
      46,
      54,
      133,
      57,
      17,
      31,
      44,
      56,
      90,
      40,
      94,
      48,
      43,
      34,
      15,
      57,
      151,
      62,
      61,
      139,
      25,
      62,
      115,
      55,
      65,
      20,
      33,
      27,
      17,
      18,
      67,
      47,
      66,
      50,
      111,
      29,
      87,
      30,
      27,
      102,
      42,
      66,
      22,
      42,
      101,
      39,
      24,
      98,
      94,
      139,
      56,
      99,
      66,
      48,
      65,
      138,
      31,
      91,
      22,
      14,
      90,
      72,
      61,
      54,
      36,
      118,
      48,
      25,
      51,
      42,
      52,
      91,
      49,
      49,
      46,
      94,
      83,
      68,
      28,
      62,
      69,
      47,
      57,
      24,
      49,
      45,
      15,
      65,
      89,
      33,
      185,
      82,
      108,
      54,
      34,
      29,
      117,
      123,
      105,
      57,
      89,
      39,
      119,
      58,
      28,
      23,
      45,
      106,
      24,
      23,
      75,
      59,
      64,
      200,
      93,
      81,
      62,
      46,
      50,
      68,
      71,
      72,
      49,
      64,
      44,
      23,
      74,
      74,
      64,
      26,
      113,
      110,
      104,
      110,
      53,
      45,
      78,
      87,
      141,
      33,
      59,
      78,
      55,
      17,
      94,
      204,
      37,
      17,
      31,
      68,
      52,
      62,
      78,
      54,
      43,
      65,
      86,
      63,
      41,
      83,
      21,
      54,
      76,
      75,
      53,
      22,
      65,
      41,
      85,
      74,
      60,
      55,
      48,
      34,
      145,
      79,
      91,
      97,
      70,
      101,
      110,
      138,
      102,
      13,
      29,
      124,
      52,
      133,
      70,
      50,
      120,
      72,
      37,
      47,
      75,
      30,
      63,
      35,
      38,
      19,
      191,
      118,
      110,
      264,
      59,
      73,
      29,
      63,
      104,
      222,
      39,
      76,
      52,
      75,
      65,
      134,
      164,
      74,
      134,
      70,
      210,
      113,
      96,
      31,
      41,
      95,
      158,
      154,
      104,
      53,
      67,
      128,
      158,
      22,
      96,
      86,
      22,
      57,
      138,
      61,
      99,
      121,
      37,
      105,
      82,
      55,
      51,
      100,
      46,
      62,
      55,
      73,
      51,
      56,
      35,
      82,
      191,
      60,
      66,
      142,
      213,
      49,
      47,
      20,
      88,
      74,
      213,
      110,
      111,
      133,
      130,
      89,
      63,
      108,
      78,
      82,
      86,
      178,
      19,
      52,
      48,
      63,
      74,
      148,
      50,
      145,
      112,
      85,
      58,
      79,
      101,
      119,
      156,
      21,
      92,
      185,
      130,
      46,
      25,
      106,
      123,
      77,
      138,
      131,
      119,
      179,
      205,
      174,
      265,
      48,
      120,
      81,
      135,
      49,
      87,
      98,
      112,
      97,
      116,
      15,
      25,
      91,
      55,
      80,
      66,
      170,
      95,
      105,
      148,
      45,
      112,
      194,
      84,
      58,
      40,
      29,
      124,
      74,
      73,
      44,
      89,
      171,
      209,
      197,
      128,
      146,
      109,
      55,
      84,
      107,
      85,
      53,
      102,
      147,
      25,
      147,
      64,
      108,
      40,
      24,
      129,
      130,
      59,
      53,
      258,
      95,
      41,
      75,
      145,
      107,
      147,
      48,
      41,
      127,
      45,
      123,
      35,
      49,
      50,
      103,
      261,
      169,
      98,
      120,
      56,
      101,
      80,
      69,
      227,
      82,
      24,
      81,
      171,
      75,
      62,
      28,
      55,
      195,
      109,
      145,
      27,
      54,
      122,
      138,
      50,
      97,
      84,
      277,
      109,
      89,
      131,
      109,
      52,
      93,
      134,
      50,
      120,
      77,
      113,
      112,
      75,
      194,
      222,
      42,
      49,
      362,
      60,
      157,
      89,
      206,
      65,
      183,
      78,
      52,
      98,
      221,
      181,
      146,
      86,
      53,
      137,
      83,
      94,
      103,
      90,
      201,
      63,
      136,
      42,
      44,
      57,
      185,
      33,
      223,
      129,
      74,
      42,
      112,
      95,
      147,
      160,
      184,
      112,
      113,
      37,
      280,
      182,
      42,
      409,
      64,
      198,
      98,
      221,
      266,
      160,
      185,
      238,
      169,
      63,
      188,
      78,
      121,
      82,
      168,
      68,
      59,
      226,
      120,
      80,
      337,
      48,
      80,
      70,
      80,
      37,
      53,
      195,
      218,
      168,
      81,
      73,
      62,
      114,
      125,
      214,
      75,
      126,
      67,
      213,
      91,
      168,
      151,
      196,
      79,
      105,
      118,
      217,
      134,
      154,
      47,
      163,
      79,
      45,
      101,
      97,
      156,
      65,
      226,
      94,
      149,
      212,
      170,
      96,
      108,
      262,
      68,
      124,
      80,
      79,
      118,
      114,
      120,
      52,
      214,
      129,
      64,
      158,
      192,
      240,
      81,
      179,
      122,
      213,
      75,
      194,
      141,
      54,
      154,
      154,
      206,
      106,
      36,
      240,
      128,
      103,
      125,
      34,
      46,
      210,
      145,
      110,
      231,
      195,
      214,
      122,
      158,
      167,
      101,
      43,
      157,
      92,
      272,
      74,
      133,
      84,
      104,
      209,
      171,
      134,
      213,
      115,
      128,
      94,
      85,
      39,
      316,
      144,
      126,
      142,
      185,
      119,
      182,
      142,
      107,
      144,
      96,
      321,
      163,
      170,
      404,
      129,
      134,
      87,
      117,
      176,
      128,
