{
  "benchmark": "cartpole",
  "diagnostics": {
    "active_tags": 82,
    "total_captures": 533,
    "weight_mean": -0.18810082748375495,
    "weight_std": 0.9729036221804878
  },
  "episodes": 1000,
  "max_steps_per_episode": 500,
  "profile": "standard",
  "results": {
    "avg_last_100": 195.15,
    "best_steps": 500,
    "episode_steps": [
      16,
      14,
      12,
      25,
      32,
      43,
      39,
      44,
      12,
      36,
      25,
      27,
      25,
      21,
      18,
      13,
      24,
      21,
      48,
      59,
      26,
      34,
      41,
      48,
      81,
      23,
      30,
      23,
      61,
      110,
      30,
      34,
      19,
      95,
      50,
      43,
      40,
      10,
      91,
      76,
      106,
      69,
      66,
      40,
      90,
      49,
      88,
      26,
      77,
      83,
      61,
      49,
      14,
      59,
      38,
      22,
      19,
      59,
      34,
      25,
      112,
      45,
      63,
      138,
      132,
      33,
      26,
      96,
      168,
      96,
      16,
      105,
      44,
      37,
      42,
      35,
      37,
      37,
      40,
      49,
      61,
      24,
      93,
      39,
      39,
      74,
      33,
      70,
      37,
      22,
      42,
      22,
      56,
      17,
      41,
      56,
      51,
      52,
      32,
      13,
      25,
      17,
      56,
      35,
      61,
      56,
      27,
      37,
      65,
      84,
      23,
      31,
      31,
      136,
      47,
      22,
      29,
      34,
      47,
      25,
      68,
      46,
      51,
      75,
      64,
      27,
      24,
      66,
      79,
      28,
      82,
      10,
      118,
      66,
      41,
      108,
      19,
      48,
      86,
      23,
      167,
      127,
      108,
      22,
      20,
      55,
      58,
      46,
      45,
      63,
      77,
      17,
      34,
      35,
      39,
      65,
      30,
      74,
      77,
      92,
      16,
      83,
      41,
      70,
      46,
      23,
      19,
      54,
      94,
      42,
      92,
      137,
      109,
      66,
      65,
      32,
      48,
      20,
      21,
      38,
      95,
      48,
      32,
      51,
      71,
      49,
      99,
      61,
      70,
      53,
      46,
      133,
      69,
      61,
      135,
      123,
      20,
      41,
      62,
      37,
      95,
      131,
      19,
      51,
      86,
      123,
      67,
      56,
      191,
      47,
      36,
      129,
      38,
      99,
      73,
      88,
      42,
      51,
      57,
      28,
      39,
      33,
      50,
      170,
      130,
      70,
      79,
      44,
      41,
      70,
      13,
      39,
      112,
      55,
      71,
      70,
      18,
      60,
      70,
      118,
      45,
      119,
      27,
      63,
      57,
      141,
      43,
      30,
      56,
      122,
      71,
      86,
      78,
      100,
      41,
      47,
      104,
      65,
      77,
      35,
      40,
      67,
      118,
      116,
      68,
      37,
      107,
      77,
      67,
      29,
      26,
      78,
      78,
      37,
      26,
      59,
      65,
      91,
      50,
      43,
      77,
      113,
      124,
      143,
      85,
      41,
      58,
      158,
      105,
      47,
      99,
      67,
      95,
      54,
      143,
      86,
      142,
      74,
      43,
      58,
      62,
      43,
      109,
      42,
      39,
      60,
      48,
      91,
      107,
      13,
      99,
      100,
      100,
      62,
      103,
      102,
      102,
      49,
      96,
      149,
      149,
      116,
      83,
      103,
      44,
      127,
      86,
      48,
      90,
      39,
      85,
      103,
      113,
      158,
      104,
      161,
      69,
      40,
      92,
      110,
      92,
      92,
      76,
      77,
      84,
      59,
      66,
      15,
      31,
      28,
      94,
      90,
      83,
      70,
      89,
      150,
      160,
      95,
      56,
      49,
      36,
      131,
      152,
      63,
      107,
      107,
      98,
      52,
      62,
      64,
      125,
      41,
      242,
      106,
      139,
      103,
      52,
      252,
      132,
      38,
      124,
      60,
      53,
      46,
      51,
      60,
      103,
      84,
      37,
      71,
      71,
      121,
      100,
      120,
      53,
      94,
      55,
      78,
      119,
      75,
      101,
      151,
      99,
      100,
      131,
      119,
      110,
      149,
      131,
      108,
      39,
      62,
      104,
      94,
      75,
      55,
      108,
      185,
      126,
      116,
      155,
      82,
      87,
      113,
      17,
      147,
      128,
      223,
      56,
      65,
      90,
      76,
      42,
      107,
      44,
      48,
      71,
      122,
      37,
      157,
      69,
      102,
      158,
      68,
      65,
      67,
      130,
      138,
      120,
      182,
      298,
      96,
      53,
      250,
      150,
      131,
      118,
      94,
      71,
      83,
      108,
      73,
      128,
      105,
      182,
      121,
      132,
      37,
      52,
      72,
      131,
      157,
      84,
      94,
      102,
      175,
      283,
      126,
      42,
      196,
      206,
      86,
      97,
      120,
      105,
      146,
      47,
      47,
      100,
      70,
      43,
      60,
      181,
      100,
      132,
      68,
      124,
      81,
      91,
      97,
      115,
      128,
      97,
      46,
      50,
      93,
      155,
      83,
      143,
      277,
      190,
      111,
      128,
      112,
      138,
      73,
      123,
      94,
      113,
      170,
      275,
      67,
      32,
      223,
      140,
      59,
      106,
      88,
      181,
      43,
      39,
      128,
      63,
      176,
      52,
      116,
      88,
      118,
      172,
      166,
      81,
      126,
      82,
      114,
      159,
      99,
      46,
      57,
      36,
      56,
      145,
      110,
      146,
      99,
      255,
      260,
      90,
      133,
      75,
      61,
      76,
      141,
      54,
      156,
      111,
      120,
      108,
      156,
      48,
      109,
      145,
      65,
      58,
      129,
      172,
      53,
      65,
      153,
      276,
      152,
      50,
      155,
      172,
      49,
      72,
      66,
      212,
      61,
      60,
      80,
      178,
      274,
      199,
      141,
      142,
      77,
      179,
      229,
      175,
      102,
      84,
      57,
      111,
      75,
      157,
      81,
      166,
      95,
      122,
      220,
      307,
      105,
      112,
      76,
      208,
      120,
      128,
      73,
      160,
      64,
      120,
      69,
      83,
      204,
      206,
      72,
      150,
      94,
      209,
      124,
      133,
      217,
      39,
      140,
      152,
      98,
      231,
      153,
      95,
      130,
      133,
      165,
      105,
      138,
      76,
      105,
      189,
      163,
      107,
      140,
      164,
      117,
      148,
      173,
      186,
      144,
      107,
      142,
      165,
      124,
      127,
      185,
      58,
      128,
      65,
      129,
      75,
      71,
      193,
      120,
      119,
      294,
      54,
      169,
      116,
      144,
      141,
      99,
      301,
      112,
      107,
      195,
      185,
      38,
      214,
      194,
      154,
      223,
      139,
      89,
      183,
      194,
      55,
      221,
      131,
      230,
      132,
      139,
      91,
      157,
      88,
      129,
      73,
      247,
      226,
      79,
      296,
      130,
      189,
      114,
      118,
      111,
      111,
      346,
      115,
      98,
      93,
      92,
      95,
      157,
      97,
      322,
      75,
      91,
      303,
      187,
      97,
      106,
      150,
      198,
      109,
      132,
      157,
      56,
      125,
      188,
