{
  "benchmark": "cartpole",
  "competition_mode": "GlobalKWTA",
  "diagnostics": {
    "active_tags": 37,
    "total_captures": 1501,
    "weight_mean": 0.16229584441651518,
    "weight_std": 0.5831795504386919
  },
  "episodes": 1000,
  "max_steps_per_episode": 500,
  "profile": "standard",
  "results": {
    "avg_last_100": 195.51,
    "best_steps": 500,
    "episode_steps": [
      29,
      41,
      52,
      32,
      34,
      32,
      24,
      41,
      56,
      29,
      11,
      53,
      72,
      78,
      31,
      60,
      62,
      21,
      79,
      19,
      40,
      25,
      25,
      35,
      92,
      70,
      98,
      21,
      17,
      20,
      16,
      32,
      16,
      22,
      74,
      41,
      27,
      53,
      87,
      66,
      40,
      50,
      64,
      24,
      32,
      18,
      33,
      39,
      101,
      17,
      31,
      37,
      52,
      78,
      23,
      22,
      14,
      121,
      41,
      44,
      106,
      41,
      20,
      13,
      39,
      24,
      17,
      67,
      61,
      20,
      33,
      79,
      17,
      19,
      17,
      119,
      89,
      53,
      75,
      32,
      124,
      37,
      21,
      24,
      79,
      16,
      56,
      22,
      44,
      98,
      18,
      30,
      96,
      33,
      33,
      23,
      19,
      76,
      62,
      101,
      34,
      52,
      60,
      47,
      30,
      59,
      28,
      55,
      87,
      45,
      64,
      12,
      11,
      20,
      44,
      50,
      78,
      92,
      48,
      52,
      51,
      85,
      29,
      23,
      23,
      18,
      53,
      76,
      17,
      104,
      35,
      14,
      24,
      69,
      30,
      69,
      69,
      53,
      27,
      46,
      68,
      17,
      99,
      139,
      29,
      17,
      48,
      83,
      59,
      103,
      22,
      46,
      21,
      137,
      44,
      62,
      25,
      18,
      34,
      89,
      24,
      97,
      126,
      12,
      29,
      30,
      23,
      67,
      66,
      34,
      48,
      16,
      117,
      14,
      12,
      102,
      29,
      39,
      23,
      13,
      20,
      25,
      52,
      40,
      19,
      117,
      106,
      20,
      25,
      30,
      46,
      42,
      31,
      48,
      93,
      59,
      20,
      49,
      52,
      91,
      211,
      68,
      17,
      29,
      42,
      20,
      72,
      26,
      53,
      12,
      22,
      29,
      41,
      33,
      37,
      34,
      124,
      195,
      19,
      89,
      152,
      53,
      38,
      164,
      68,
      90,
      106,
      77,
      60,
      12,
      91,
      21,
      20,
      53,
      22,
      82,
      121,
      19,
      43,
      33,
      78,
      47,
      23,
      21,
      43,
      41,
      23,
      22,
      24,
      31,
      41,
      22,
      46,
      41,
      34,
      82,
      37,
      82,
      13,
      29,
      46,
      47,
      22,
      72,
      41,
      26,
      40,
      61,
      19,
      117,
      92,
      210,
      83,
      60,
      170,
      87,
      18,
      17,
      51,
      49,
      26,
      41,
      27,
      44,
      161,
      56,
      69,
      157,
      35,
      53,
      141,
      31,
      36,
      19,
      49,
      53,
      108,
      72,
      33,
      11,
      62,
      142,
      20,
      87,
      77,
      96,
      48,
      18,
      68,
      235,
      34,
      90,
      51,
      12,
      30,
      64,
      45,
      90,
      15,
      25,
      43,
      66,
      27,
      89,
      71,
      36,
      87,
      131,
      84,
      13,
      24,
      41,
      22,
      31,
      60,
      19,
      30,
      54,
      102,
      198,
      99,
      91,
      102,
      133,
      24,
      23,
      55,
      25,
      38,
      128,
      52,
      19,
      91,
      121,
      88,
      129,
      34,
      25,
      21,
      46,
      48,
      23,
      18,
      82,
      77,
      117,
      29,
      48,
      180,
      108,
      65,
      33,
      99,
      28,
      23,
      35,
      54,
      163,
      48,
      27,
      19,
      24,
      56,
      95,
      60,
      34,
      71,
      41,
      96,
      182,
      36,
      92,
      100,
      49,
      27,
      13,
      67,
      17,
      33,
      36,
      28,
      86,
      74,
      36,
      15,
      66,
      34,
      74,
      45,
      18,
      73,
      34,
      36,
      47,
      35,
      61,
      86,
      25,
      55,
      19,
      118,
      38,
      56,
      92,
      120,
      55,
      364,
      92,
      22,
      63,
      26,
      66,
      77,
      73,
      91,
      56,
      20,
      50,
      22,
      100,
      75,
      34,
      33,
      53,
      61,
      60,
      89,
      120,
      72,
      31,
      120,
      114,
      22,
      48,
      39,
      61,
      16,
      144,
      135,
      36,
      71,
      163,
      51,
      56,
      81,
      134,
      161,
      36,
      38,
      73,
      184,
      31,
      126,
      56,
      18,
      197,
      71,
      60,
      32,
      24,
      115,
      65,
      71,
      43,
      80,
      64,
      12,
      64,
      92,
      42,
      81,
      25,
      40,
      160,
      68,
      30,
      162,
      75,
      47,
      92,
      288,
      108,
      145,
      90,
      270,
      152,
      94,
      217,
      106,
      39,
      50,
      16,
      30,
      18,
      121,
      34,
      19,
      79,
      165,
      276,
      166,
      103,
      159,
      308,
      38,
      62,
      111,
      16,
      206,
      50,
      27,
      19,
      86,
      28,
      145,
      50,
      68,
      91,
      79,
      49,
      74,
      62,
      50,
      27,
      89,
      31,
      77,
      175,
      113,
      72,
      80,
      29,
      55,
      238,
      73,
      51,
      231,
      51,
      35,
      96,
      92,
      117,
      33,
      132,
      193,
      180,
      148,
      39,
      85,
      121,
      55,
      25,
      88,
      88,
      17,
      96,
      69,
      92,
      56,
      135,
      21,
      37,
      79,
      56,
      204,
      169,
      132,
      28,
      45,
      136,
      202,
      106,
      191,
      40,
      46,
      16,
      40,
      48,
      18,
      134,
      114,
      265,
      61,
      134,
      115,
      201,
      134,
      56,
      104,
      379,
      228,
      199,
      48,
      12,
      22,
      25,
      500,
      125,
      184,
      64,
      108,
      46,
      38,
      107,
      79,
      59,
      87,
      40,
      81,
      49,
      141,
      127,
      42,
      498,
      248,
      124,
      47,
      120,
      88,
      225,
      137,
      21,
      103,
      22,
      142,
      68,
      21,
      203,
      133,
      83,
      95,
      72,
      32,
      53,
      63,
      172,
      201,
      300,
      83,
      24,
      77,
      150,
      376,
      117,
      44,
      22,
      310,
      187,
      193,
      43,
      38,
      68,
      80,
      44,
      32,
      217,
      500,
      422,
      151,
      111,
      148,
      14,
      32,
      26,
      46,
      45,
      237,
      53,
      23,
      224,
      161,
      421,
      216,
      284,
      151,
      13,
      43,
      27,
      119,
      150,
      270,
      69,
      115,
      171,
      90,
      37,
      32,
      70,
      34,
      265,
      187,
      21,
      15,
      21,
      86,
      24,
      24,
      207,
      68,
      59,
      105,
      106,
      81,
      29,
      75,
      58,
      59,
      24,
      125,
      45,
      211,
      203,
      50,
      58,
      26,
      54,
      42,
      99,
      198,
      18,
      44,
      42,
      64,
      68,
      65,
