{
  "benchmark": "temporal",
  "results": {
    "pred_period3": {
      "mae": 0.0002848930013412147,
      "n_steps": 12000,
      "pass": true,
      "period": 3
    },
    "pred_period5": {
      "mae": 0.0025005234807495627,
      "n_steps": 12000,
      "pass": true,
      "period": 5
    }
  },
  "version": "4.1.0"
}